// © 2016 and later: Unicode, Inc. and others.
// License & terms of use: http://www.unicode.org/copyright.html
// Generated using tools/cldr/cldr-to-icu/
langInfo:table(nofallback){
    likely{
        languageAliases{
            "aam","aas",
            "adp","dz",
            "agp","apf",
            "ais","ami",
            "ajp","apc",
            "ajt","aeb",
            "aju","jrb",
            "alb","sq",
            "als","sq",
            "arb","ar",
            "arm","hy",
            "asd","snz",
            "aue","ktz",
            "ayr","ay",
            "ayx","nun",
            "azj","az",
            "baq","eu",
            "baz","nvo",
            "bcc","bal",
            "bcl","bik",
            "bgm","bcg",
            "bh","bho",
            "bhk","fbl",
            "bic","bir",
            "bjd","drl",
            "bjq","bzc",
            "bkb","ebk",
            "blg","iba",
            "btb","beb",
            "bur","my",
            "bxk","luy",
            "bxr","bua",
            "ccq","rki",
            "chi","zh",
            "cjr","mom",
            "cka","cmr",
            "cld","syr",
            "cls","sa",
            "cmk","xch",
            "cmn","zh",
            "coy","pij",
            "cqu","quh",
            "cwd","cr",
            "cze","cs",
            "daf","dnj",
            "dap","njz",
            "dek","sqm",
            "dgo","doi",
            "dhd","mwr",
            "dik","din",
            "diq","zza",
            "dit","dif",
            "djl","dze",
            "dkl","aqd",
            "drh","mn",
            "drr","kzk",
            "dud","uth",
            "duj","dwu",
            "dut","nl",
            "dwl","dbt",
            "ekk","et",
            "elp","amq",
            "emk","man",
            "esk","ik",
            "fat","ak",
            "fre","fr",
            "fuc","ff",
            "gav","dev",
            "gaz","om",
            "gbc","wny",
            "gbo","grb",
            "geo","ka",
            "ger","de",
            "gfx","vaj",
            "ggn","gvr",
            "ggo","esg",
            "ggr","gtu",
            "gio","aou",
            "gli","kzk",
            "gno","gon",
            "gom","kok",
            "gre","el",
            "gti","nyc",
            "gug","gn",
            "guv","duz",
            "gya","gba",
            "hdn","hai",
            "hea","hmn",
            "him","srx",
            "hrr","jal",
            "ibi","opa",
            "ice","is",
            "ike","iu",
            "ill","ilm",
            "ilw","gal",
            "in","id",
            "iw","he",
            "izi","eza",
            "jar","jgk",
            "jeg","oyb",
            "ji","yi",
            "jw","jv",
            "kdv","zkd",
            "kgc","tdf",
            "kgd","ncq",
            "kgh","kml",
            "kgm","plu",
            "khk","mn",
            "kmr","ku",
            "knc","kr",
            "kng","kg",
            "koj","kwv",
            "kpp","jkm",
            "kpv","kv",
            "krm","bmf",
            "ktr","dtp",
            "kvs","gdj",
            "kwq","yam",
            "kxe","tvd",
            "kxl","kru",
            "kzh","dgl",
            "kzj","dtp",
            "kzt","dtp",
            "lak","ksp",
            "lbk","bnc",
            "leg","enl",
            "lii","raq",
            "llo","ngt",
            "lmm","rmx",
            "lvs","lv",
            "mac","mk",
            "mao","mi",
            "may","ms",
            "meg","cir",
            "mgx","jbk",
            "mhr","chm",
            "mnt","wnn",
            "mo","ro",
            "mof","xnt",
            "mst","mry",
            "mup","raj",
            "mwd","dmw",
            "mwj","vaj",
            "myd","aog",
            "myt","mry",
            "nad","xny",
            "nbf","nru",
            "nbx","gll",
            "ncp","kdz",
            "nln","azd",
            "nlr","nrk",
            "nns","nbr",
            "nnx","ngv",
            "nom","cbr",
            "noo","dtd",
            "npi","ne",
            "nte","eko",
            "nts","pij",
            "nxu","bpp",
            "ojg","oj",
            "ory","or",
            "oun","vaj",
            "pat","kxr",
            "pbu","ps",
            "pcr","adx",
            "per","fa",
            "pes","fa",
            "plt","mg",
            "pmc","huw",
            "pmk","crr",
            "pmu","phr",
            "pnb","lah",
            "ppa","bfy",
            "ppr","lcq",
            "prp","gu",
            "pry","prt",
            "puz","pub",
            "quz","qu",
            "rmr","emx",
            "rmy","rom",
            "rum","ro",
            "sap","aqt",
            "sca","hle",
            "scc","sr",
            "scr","hr",
            "sgl","isk",
            "skk","oyb",
            "slo","sk",
            "smd","kmb",
            "snb","iba",
            "spy","kln",
            "src","sc",
            "sul","sgd",
            "sum","ulw",
            "swh","sw",
            "szd","umi",
            "tdu","dtp",
            "tgg","bjp",
            "thc","tpo",
            "thw","ola",
            "thx","oyb",
            "tib","bo",
            "tid","itd",
            "tie","ras",
            "tkk","twm",
            "tl","fil",
            "tlw","weo",
            "tmk","tdg",
            "tmp","tyj",
            "tne","kak",
            "tpw","tpn",
            "tsf","taj",
            "ttq","tmh",
            "tw","ak",
            "umu","del",
            "unp","wro",
            "uok","ema",
            "uzn","uz",
            "wel","cy",
            "wgw","wgb",
            "wit","nol",
            "wiw","nwo",
            "xba","cax",
            "xia","acn",
            "xkh","waw",
            "xpe","kpe",
            "xrq","dmw",
            "xsj","suj",
            "xsl","den",
            "xss","zko",
            "ybd","rki",
            "ydd","yi",
            "yen","ynq",
            "yiy","yrm",
            "yma","lrr",
            "ymt","mtm",
            "yos","zom",
            "yuu","yug",
            "zai","zap",
            "zir","scv",
            "zkb","kjh",
            "zsm","ms",
            "zyb","za",
        }
        lsrnum:intvector{
            0,
            1,
            430157663,
            423426806,
            423427535,
            423467630,
            423468359,
            430240040,
            443829339,
            423470546,
            423471275,
            423472004,
            423473462,
            426406958,
            433655405,
            429045938,
            47461593,
            429047396,
            429953543,
            244599351,
            423480752,
            423482210,
            421750835,
            421752293,
            137012769,
            424273202,
            426399695,
            423999098,
            423999827,
            420024590,
            432976733,
            423470573,
            39268389,
            424279034,
            1847805474,
            423435581,
            423436310,
            423437039,
            424008575,
            145744731,
            429402446,
            423832886,
            421747217,
            423480050,
            424287782,
            37861419,
            423482237,
            424014407,
            423483695,
            421752320,
            427461875,
            423427589,
            423822707,
            421737038,
            421265375,
            423569744,
            42775635,
            426939911,
            423437795,
            36716187,
            430210205,
            429049637,
            426097916,
            421138529,
            429957242,
            34476699,
            40775988,
            432793781,
            421949177,
            423820547,
            426202919,
            426401207,
            423547901,
            40762893,
            430615556,
            423569771,
            427054391,
            424279817,
            427056578,
            421743626,
            423476459,
            664980316,
            423832211,
            421746542,
            430625033,
            423441467,
            429052580,
            661828252,
            145750617,
            423484478,
            1972677493,
            430611209,
            41389860,
            37375257,
            36766542,
            421308440,
            426407066,
            427313213,
            39727740,
            430623602,
            429955109,
            426945068,
            423482318,
            423483776,
            423484505,
            420473762,
            45995709,
            423468494,
            423429857,
            423825704,
            423472139,
            423473597,
            423436418,
            423437147,
            423477242,
            432454877,
            423835181,
            421752428,
            422403452,
            423427697,
            423428426,
            423468521,
            423469250,
            421737875,
            423470708,
            421621235,
            175396232,
            195284091,
            424005065,
            423474353,
            423475082,
            424007252,
            423476540,
            424001663,
            426410765,
            422415845,
            426412223,
            424011626,
            430212500,
            424013084,
            420884216,
            145749969,
            424015271,
            424016000,
            423820655,
            431025362,
            195281931,
            421739360,
            424279196,
            426603248,
            423553112,
            424282112,
            423436472,
            -1586207047,
            424284299,
            175402820,
            423440117,
            429955919,
            420868232,
            41055357,
            423467846,
            430613504,
            423469304,
            423470033,
            423175517,
            579643793,
            325329077,
            423434312,
            423474407,
            427057442,
            377809088,
            477390548,
            421745219,
            36775398,
            421746677,
            432054116,
            429050528,
            430174646,
            423483155,
            422696564,
            429902756,
            424789550,
            421307117,
            430620821,
            47217054,
            325323497,
            423443087,
            427066946,
            423820007,
            421735067,
            421735796,
            423429263,
            432858149,
            423430721,
            421738712,
            423471545,
            423472274,
            1703718777,
            424005902,
            429381548,
            423831671,
            423478106,
            431037107,
            423558296,
            423480293,
            426413789,
            145748619,
            423226601,
            429960374,
            423427103,
            425827853,
            425869253,
            424275659,
            429945092,
            423430748,
            430616501,
            423472301,
            424004471,
            403429165,
            443834010,
            431033489,
            425759174,
            421744571,
            421745300,
            420033608,
            145745730,
            145747188,
            420882893,
            195293703,
            423483236,
            430628894,
            421634492,
            195276963,
            429036785,
            423427859,
            422405072,
            422406530,
            430162361,
            430615799,
            421957466,
            421741682,
            423475244,
            423475973,
            423437336,
            423477431,
            421746056,
            422416007,
            1770321769,
            423480347,
            432456524,
            421749701,
            584102465,
            430628192,
            430628921,
            430629650,
            429626573,
            427462172,
            422404370,
            423428615,
            421736606,
            421304309,
            423824462,
            420636545,
            423471626,
            145739223,
            423473084,
            423434447,
            426604139,
            427057577,
            423436634,
            427472378,
            175401524,
            175402253,
            175402982,
            427475294,
            430625303,
            195292299,
            426414599,
            423443195,
            423483290,
            424291022,
            423484748,
            430434332,
            423467279,
            422523224,
            423468737,
            423469466,
            423470195,
            423470924,
            430617311,
            423473111,
            421308710,
            421742465,
            423475298,
            423476027,
            431037215,
            421747568,
            69288980,
            432872108,
            421752671,
            420869150,
            36057522,
            423469493,
            421738847,
            176557043,
            429042698,
            429948845,
            429949574,
            429950303,
            429951032,
            429046343,
            423476783,
            431035784,
            423478970,
            423479699,
            427062734,
            429051446,
            429052175,
            429958322,
            421751240,
            429054362,
            423484802,
            145734930,
            426066947,
            423431612,
            423434528,
            421743248,
            424007522,
            421313867,
            433046393,
            429055118,
            37373421,
            1955902815,
            -1567843986,
            -1887654289,
            -1865385516,
            430613747,
            430614476,
            427467383,
            429948170,
            429043481,
            429044210,
            422411768,
            57260747,
            425877434,
            427452803,
            429953273,
            47463510,
            429049313,
            34474188,
            429051500,
            430174160,
            429387569,
            429053687,
            34360464,
            37392375,
            74726699,
            433642769,
            420022862,
            421736012,
            423484766,
            1889563073,
            423431666,
            422408879,
            421740386,
            426405986,
            36771294,
            421742573,
            429046424,
            423476864,
            175403117,
            426412547,
            429641288,
            429051527,
            421631765,
            423483425,
            421752050,
            421752779,
            423466685,
            426931622,
            422405261,
            424000313,
            423469601,
            423431693,
            424279520,
            420028721,
            424005416,
            424006145,
            424006874,
            43308264,
            426409658,
            424009061,
            421746245,
            429049367,
            429955514,
            424011977,
            429917606,
            145748862,
            429958430,
            429053741,
            431042453,
            424016351,
            420868556,
            421125893,
            420870743,
            420256908,
            424789847,
            426857291,
            423472544,
            47084511,
            423474002,
            431033003,
            423436094,
            423476189,
            423437552,
            423477647,
            421746272,
            423479105,
            422949122,
            421749188,
            421750646,
            423484208,
            47804763,
            145732878,
            423467468,
            43301028,
            424279574,
            419439014,
            37382277,
            430620416,
            423830510,
            429047234,
            422416979,
            423480590,
            429917660,
            429052337,
            175390832,
            423467495,
            423428858,
            429039971,
            430616069,
            421739765,
            423472598,
            430618985,
            423475514,
            195287439,
            423437606,
            421747055,
            421747784,
            429050906,
            421749242,
            421749971,
            423482804,
            423483533,
            421752158,
            429018128,
            430614638,
            429041456,
            422686763,
            430619741,
            57270190,
            421318430,
            427442057,
            423466820,
            424786310,
            422405396,
            430613936,
            423430370,
            423549926,
            36710220,
            423433286,
            423434744,
            47086077,
            36714594,
            433042964,
            42778416,
            423478484,
            424011383,
            424012112,
            423442034,
            426605799,
            421752941,
            433268252,
            42766779,
            43298220,
            145732986,
            43299678,
            432444482,
            432446669,
            432451043,
            432451772,
            426409820,
            424012139,
            432460520,
            145732312,
            420868017,
            431792811,
            421735527,
            422524305,
            426402585,
            426403314,
            429573006,
            421740630,
            39723988,
            421743546,
            427472028,
            176562471,
            -881563434,
            429626766,
            430092054,
            426412062,
            423441387,
            426414249,
            426414978,
            -2106943909,
            421751565,
            426409725,
            424784961,
            423466929,
            421735554,
            423468387,
            421618914,
            423469845,
            420104781,
            426404799,
            426405528,
            426406257,
            204130382,
            421624746,
            423475677,
            422669403,
            422689815,
            426410631,
            423478593,
            423439956,
            423440685,
            423441414,
            423481509,
            426415005,
            426415734,
            426416463,
            426930435,
            427246092,
            421736310,
            426401910,
            423469872,
            427013541,
            423471330,
            424279062,
            430617717,
            430618446,
            424005120,
            423474975,
            423436338,
            423476433,
            421626960,
            195289087,
            420034095,
            423439983,
            421629876,
            423480807,
            423442170,
            426415032,
            423444357,
            427263588,
            427245390,
            421734879,
            427463361,
            423468441,
            423429804,
            423469899,
            432977517,
            429907698,
            421936812,
            429909156,
            433275678,
            421742169,
            421959411,
            426408498,
            421960869,
            433653300,
            427316103,
            432985536,
            433655487,
            422692785,
            426413601,
            527727165,
            421750188,
            421750917,
            430628679,
            39734275,
            147543256,
            420021756,
            426399777,
            426400506,
            421736364,
            175393263,
            423469926,
            424790145,
            421740009,
            36061600,
            423473571,
            426860505,
            423476487,
            421745112,
            423222066,
            421963812,
            424287135,
            421748757,
            424288593,
            421750215,
            429919389,
            423483777,
            433660617,
            429902649,
            175391103,
            426931974,
            426401262,
            421737120,
            422682633,
            421738578,
            423471411,
            426405636,
            422687007,
            426407823,
            426211722,
            422669511,
            426410010,
            594832438,
            426943638,
            39729955,
            661944218,
            527727948,
            424014516,
            175407870,
            175408599,
            137977372,
            423426969,
            421734960,
            175391859,
            175392588,
            426402747,
            427053015,
            424003608,
            426405663,
            39725608,
            427019481,
            39727066,
            175402065,
            427061034,
            424010898,
            420882030,
            423441549,
            421749540,
            175406439,
            244858309,
            421751727,
            421752456,
            175400634,
            175390428,
            175391157,
            421735716,
            175392615,
            39719074,
            423470007,
            423470736,
            140778217,
            175396260,
            176558286,
            424005664,
            423474381,
            40768105,
            573230754,
            421745193,
            421745922,
            423419706,
            426412251,
            175404279,
            175405008,
            421749567,
            421750296,
            421633656,
            421752483,
            431023932,
            430611318,
            422660115,
            423478782,
            421952985,
            423469305,
            431795943,
            423470763,
            423435042,
            423829431,
            423436500,
            423476595,
            421627122,
            423478053,
            423480240,
            427063275,
            423835992,
            426415194,
            175407222,
            175407951,
            421634412,
            421616214,
            430612074,
            423467874,
            430619582,
            576984429,
            431796699,
            423471519,
            430164468,
            175397043,
            423473706,
            423474435,
            42775825,
            421743789,
            422689302,
            423477351,
            423409257,
            423478809,
            420546771,
            427259403,
            426413763,
            421966134,
            424289457,
            424014624,
            430628841,
            423484641,
            423427077,
            424004934,
            426400668,
            424000071,
            421619886,
            422683497,
            426404313,
            431030547,
            422685684,
            661937063,
            421742358,
            426407958,
            421743816,
            426409416,
            421627176,
            429048396,
            421746732,
            424011006,
            421630092,
            424012464,
            423442386,
            423226602,
            426219147,
            423444573,
            421752564,
            420021945,
            420869043,
            420023403,
            421736553,
            431795295,
            421738011,
            432973096,
            429238692,
            421622100,
            421740927,
            476935005,
            429911559,
            424007388,
            424795437,
            420879249,
            423478134,
            426943071,
            421747488,
            2138594538,
            427438062,
            424013949,
            424014678,
            424802727,
            421752591,
            426063924,
            423427131,
            421617024,
            423467955,
            427011624,
            422682093,
            426186396,
            421620669,
            423471600,
            421956738,
            176558421,
            423473787,
            421624314,
            423416196,
            423475974,
            426409470,
            423477432,
            426076317,
            427474539,
            422377371,
            423481077,
            426414573,
            423226656,
            423483264,
            423484722,
            69274374,
            421734420,
            432974142,
            423999423,
            421736607,
            421737336,
            421738065,
            428608161,
            421622154,
            424004526,
            431032086,
            428612535,
            432057789,
            424008171,
            423477459,
            421746084,
            431037189,
            175403712,
            421749000,
            421749729,
            423482562,
            421633089,
            432990909,
            426417516,
            661811054,
            422403669,
            422305983,
            426402234,
            422663193,
            421621452,
            423473112,
            423217962,
            423435204,
            423435933,
            423476028,
            426074913,
            423477486,
            423478215,
            429049233,
            429916743,
            433657242,
            423836154,
            423482589,
            422676315,
            422696727,
            426082932,
            431024850,
            426400803,
            422681445,
            423469494,
            421738848,
            145738549,
            423472410,
            421622937,
            421308738,
            430619526,
            423475326,
            421744680,
            421745409,
            421746138,
            424010412,
            424011141,
            430625358,
            423481158,
            421749783,
            423482616,
            175407411,
            74744844,
            421752699,
            424785366,
            421735230,
            424786824,
            426401559,
            427013190,
            423549711,
            43304539,
            427252302,
            422686575,
            423474624,
            426408120,
            426409578,
            423438174,
            421746165,
            421746894,
            423479727,
            426413223,
            421630983,
            423442548,
            423443277,
            423444006,
            426417597,
            429114924,
            175390698,
            390345955,
            432856881,
            176554182,
            421620075,
            427446972,
            39721531,
            426405231,
            431031465,
            36062680,
            431702145,
            421625178,
            429066081,
            664991033,
            421745463,
            423478296,
            420880869,
            421747650,
            423441117,
            427319397,
            403437347,
            359956112,
            175407465,
            423484128,
            423484857,
            420001722,
            421734555,
            426911913,
            427247253,
            426402342,
            423430938,
            36769108,
            426405258,
            423433854,
            39723745,
            423435312,
            421743303,
            427471785,
            421961274,
            427020534,
            429245442,
            423439686,
            426412548,
            195291706,
            421749135,
            427024908,
            430174917,
            423444060,
            432991044,
            423427320,
            426400911,
            1059270977,
            423430236,
            421954740,
            424278063,
            432978678,
            421740414,
            421741143,
            1059277538,
            424007604,
            424008333,
            423477621,
            432985239,
            431037351,
            421747704,
            423441171,
            423441900,
            173949519,
            424014165,
            421751349,
            421752078,
            421752807,
            145733581,
            421951851,
            430554051,
            423547632,
            420025104,
            421620156,
            421738983,
            426936024,
            423216666,
            423433908,
            423474003,
            426408228,
            426192444,
            423476919,
            421745544,
            423478377,
            476927348,
            423440469,
            423480564,
            421631091,
            423482022,
            420116958,
            423444114,
            426200463,
            423445572,
            421951149,
            428604732,
            420870042,
            420870771,
            421737552,
            421954794,
            426403881,
            423432477,
            429908913,
            423433935,
            421741926,
            426408255,
            423476217,
            421961355,
            422691084,
            430624062,
            421748487,
            421749216,
            422537265,
            423443412,
            423227628,
            424015677,
            421752861,
            421301637,
            424864989,
            426853701,
            423468954,
            476930928,
            423470412,
            433509471,
            426404637,
            422527815,
            422666325,
            423474057,
            421624584,
            423475515,
            430169193,
            421745598,
            422671428,
            423439794,
            421629687,
            426413385,
            423835641,
            421632603,
            426947742,
            422677260,
            423229113,
            420868638,
            429903864,
            428605515,
            423470439,
            421620966,
            423471897,
            430617555,
            430618284,
            422322922,
            422667810,
            141923908,
            430621200,
            423437634,
            426410496,
            423439092,
            426412683,
            460500014,
            421966512,
            426080988,
            423485019,
            423998262,
            426400317,
            423428913,
            421736904,
            423469737,
            423431100,
            176557287,
            421622451,
            423434016,
            426938319,
            421742736,
            430620498,
            194224612,
            423438390,
            423479214,
            423440577,
            426414897,
            176568222,
            423483588,
            423485046,
            429233967,
            421735473,
            429059007,
            426067920,
            423470493,
            423471951,
            642186661,
            433295226,
            424497654,
            421742763,
            421625394,
            421744221,
            421626852,
            421745679,
            421746408,
            430624170,
            419445684,
            421749324,
            426414924,
            423443520,
            426081771,
            423444978,
            423445707,
            429626224,
            430197760,
            427029526,
            430199218,
            429944068,
            427248226,
            420025294,
            433036486,
            422408395,
            427448701,
            430205050,
            428198113,
            421309792,
            423475651,
            427452346,
            427453075,
            427060144,
            422533783,
            427455262,
            427457449,
            427458178,
            427458907,
            420039145,
            427460365,
            427462579,
            427463308,
            427464037,
            427466224,
            421129756,
            424791523,
            424004932,
            426603817,
            642189659,
            423437041,
            423438499,
            422415712,
            422416441,
            422417170,
            422417899,
            427477159,
            424013680,
            427479346,
            422404804,
            429038704,
            433507474,
            423431236,
            423431965,
            431798698,
            433650358,
            432981865,
            432451882,
            1981888366,
            476933536,
            431509285,
            611600853,
            427052206,
            175395424,
            259282233,
            175396882,
            176560366,
            175399798,
            1232247037,
            423439282,
            74745250,
            145732421,
            429941989,
            423998452,
            433036594,
            426603169,
            423436393,
            423440767,
            426613375,
            423426943,
            423429130,
            423431317,
            426604654,
            423466336,
            423999235,
            423569125,
            664987821,
            430728661,
            427462741,
            432443998,
            432445456,
            40862147,
            429947173,
            1232236233,
            1252694170,
            1248993766,
            1244840653,
            1247517541,
            1243817137,
            1249741720,
            1245017800,
            1246080682,
            1242360595,
            1251454141,
            1246159414,
            1254131029,
            1242714889,
            1252024948,
            1249387426,
            96503125,
            -1396669099,
            432448372,
            426465469,
            429950089,
            145741979,
            429951547,
            429952276,
            420032773,
            432453475,
            111187359,
            422417332,
            433520731,
            176568493,
            429959566,
            432460036,
            421734286,
            424785880,
            429943555,
            423429940,
            175395559,
            430246090,
            429046156,
            432452773,
            421313653,
            429958135,
            422539102,
            38023475,
            427307518,
            429947227,
            145739117,
            427429990,
            1115179206,
            423475894,
            422413741,
            429067324,
            424498826,
            430959079,
            423481726,
            1232254489,
            426608488,
            42767834,
            423435097,
            429163579,
            426605518,
            423830944,
            421962517,
            423478837,
            421314436,
            145747163,
            429956731,
            432063541,
            426415978,
            423444574,
            430216255,
            423427105,
            420023404,
            579650804,
            432444835,
            39721370,
            423826597,
            426602629,
            427056067,
            423828784,
            429950926,
            432452125,
            175389527,
            426609919,
            424012492,
            145749377,
            432459415,
            427304683,
            422662411,
            -1334475770,
            427467979,
            429947059,
            421742413,
            427314889,
            430250572,
            420488533,
            661929855,
            426596851,
            427306168,
            426935107,
            426601225,
            422409475,
            426603412,
            432449992,
            1232248036,
            426410956,
            421747543,
            432455824,
            426612160,
            420648940,
            429114844,
            430611481,
            432442729,
            432443458,
            422405857,
            427465117,
            421127920,
            642184907,
            422310358,
            432448561,
            432449290,
            429950278,
            429951007,
            420032233,
            121271086,
            429953923,
            422417521,
            427260268,
            422420437,
            427468613,
            432460225,
            432442027,
            422404426,
            422405155,
            244590281,
            429278896,
            423830350,
            422669782,
            424011142,
            422418277,
            1232253922,
            422421193,
            426933001,
            671679619,
            430158853,
            421459696,
            431026363,
            429944527,
            427465927,
            420026482,
            135168833,
            430440247,
            671686909,
            671687638,
            671688367,
            671689096,
            432451558,
            429952546,
            429028903,
            421413040,
            429031090,
            427064248,
            427320856,
            420038875,
            423444763,
            429960565,
            433307431,
            432442108,
            426124594,
            476933008,
            426602818,
            427253086,
            429951115,
            432452314,
            1232248171,
            429955489,
            429956218,
            426611566,
            671696413,
            426613753,
            429960592,
            432442135,
            429943852,
            -1519558585,
            432445051,
            69279640,
            426601387,
            432450154,
            429951142,
            176561527,
            427472542,
            432453070,
            424011250,
            594835004,
            432456715,
            594838649,
            432460360,
            145732853,
            943284119,
            427304899,
            427463092,
            432443620,
            422310520,
            427468195,
            422410393,
            420285358,
            429045022,
            422532136,
            429953356,
            432456013,
            1785899998,
            426414790,
            432458929,
            432459658,
            145732880,
            427053421,
            432451666,
            433642879,
            433505827,
            433645795,
            432978031,
            427259755,
            423432532,
            420631741,
            432442270,
            427443517,
            424008469,
            1232242528,
            332652343,
            432451774,
            426610297,
            425355014,
            421950584,
            423467633,
            423468362,
            426401858,
            424280090,
            423824843,
            423471278,
            421956416,
            421937462,
            429949172,
            422312897,
            423435557,
            426605978,
            427066959,
            175401905,
            145745436,
            424286300,
            421965164,
            422320187,
            424013654,
            430627871,
            421752296,
            426064358,
            423427565,
            423429023,
            421737014,
            421737743,
            426068732,
            423432668,
            432979652,
            430619150,
            423435584,
            421743575,
            423437042,
            423437771,
            426410633,
            426078209,
            426078938,
            423442145,
            426080396,
            423483698,
            41174025,
            424659602,
            430611185,
            429904784,
            423213293,
            426206567,
            423472088,
            430617746,
            424794494,
            145743330,
            430623578,
            426077534,
            421750190,
            422166476,
            421932467,
            423468470,
            429236318,
            43302030,
            423431291,
            39721182,
            421740011,
            422688050,
            429950009,
            421742927,
            420031235,
            422690627,
            74739446,
            429049694,
            423481592,
            421634306,
            423820631,
            426065222,
            423999236,
            422661521,
            423469253,
            423470711,
            423432074,
            422665166,
            422686307,
            36063114,
            430620743,
            175396451,
            420034205,
            422672456,
            430625117,
            430627304,
            423483104,
            423484562,
            175403237,
            430615667,
            176557559,
            430619312,
            427431395,
            259285987,
            259286716,
            430623686,
            433655597,
            430625873,
            421316543,
            176567765,
            430628060,
            423466391,
            429903461,
            424274852,
            429904919,
            430614965,
            422309468,
            432446942,
            426404990,
            421740848,
            429912209,
            421939136,
            423437231,
            429913667,
            429391455,
            423439418,
            427061819,
            420252959,
            429918770,
            431041430,
            421751783,
            421634414,
            430611347,
            430612076,
            421952285,
            430613534,
            422367086,
            430614992,
            430617179,
            430617908,
            429378608,
            430614695,
            426073322,
            430620824,
            421744520,
            430623740,
            423480998,
            430627385,
            664980640,
            423431453,
            421741631,
            432985727,
            429915908,
            426415979,
            145737714,
            429163607,
            427058255,
            420100706,
            426065384,
            423467957,
            430613615,
            426402182,
            -1254290822,
            432977762,
            39723585,
            39724314,
            426408014,
            426409472,
            421746788,
            421747517,
            421748975,
            432988697,
            430627466,
            433521596,
            421751891,
            421734422,
            423468713,
            433645553,
            138159813,
            421740254,
            421741712,
            422669000,
            421626530,
            423478919,
            421748273,
            476942351,
            476943080,
            421750460,
            429054311,
            423466553,
            423467282,
            426932219,
            433645580,
            423470198,
            423432290,
            421741739,
            423474572,
            423476030,
            421626557,
            424796249,
            420880790,
            422672672,
            423441038,
            432181748,
            426415358,
            195294516,
            423838343,
            432984404,
            430376825,
            663094177,
            432977897,
            141914172,
            460484446,
            423433100,
            421744007,
            432983729,
            176563661,
            420875991,
            195290952,
            426098324,
            432063002,
            176569493,
            422168312,
            422310467,
            421956902,
            423434585,
            421744034,
            527722469,
            426076481,
            426930896,
            432974306,
            420024350,
            430616720,
            426070676,
            426072134,
            426073592,
            426075050,
            432984512,
            432985970,
            426077966,
            426078695,
            426079424,
            176569547,
            426399482,
            259277590,
            423468173,
            423432442,
            424001072,
            421305230,
            422309792,
            175395884,
            423472547,
            430626278,
            423474005,
            424006175,
            426093302,
            421744088,
            424008362,
            421745546,
            421746275,
            426411875,
            176565200,
            426083592,
            426945503,
            421749920,
            421750649,
            426081638,
            424015652,
            426417707,
            632705171,
            423466742,
            423427403,
            527719661,
            430171382,
            419444876,
            423482807,
            430629194,
            176570357,
            422659820,
            430612481,
            430613939,
            424002638,
            424279658,
            426073727,
            430621229,
            427256165,
            423439850,
            422674400,
            430629248,
            423427484,
            423429671,
            421955633,
            664989064,
            421626125,
            430611105,
            421735557,
            423431211,
            423220530,
            424285599,
            422319486,
            244597951,
            801892537,
            423819849,
            423426945,
            421619025,
            423432777,
            424273341,
            430245309,
            433651197,
            423437178,
            1195019257,
            423441579,
            421745223,
            423480243,
            423481701,
            431792328,
            423427080,
            423429996,
            421738716,
            423432912,
            422186565,
            421604580,
            426407961,
            433514982,
            423438015,
            423439473,
            1332583203,
            244585072,
            423469389,
            423473763,
            423435855,
            422315382,
            423481053,
            423427134,
            421735125,
            422760828,
            176556237,
            423472332,
            426487160,
            1467205993,
            432450696,
            426408744,
            420288789,
            429955329,
            175405146,
            421750434,
            429132288,
            426417492,
            429941505,
            856839062,
            423466527,
            422305959,
            427306170,
            421736610,
            145737040,
            145738498,
            433040484,
            420640923,
            423436638,
            421744629,
            423478191,
            421746816,
            423442470,
            423443199,
            433049232,
            419430810,
            424287408,
            423433047,
            594821101,
            431029281,
            423432372,
            423472467,
            431032197,
            430623957,
            426943965,
            421748382,
            421750569,
            429626712,
            427445544,
            -1351331554,
            43303867,
            429948201,
            429941428,
            424282413,
            429955491,
            429956949,
            424015599,
            423428052,
            431034438,
            426409662,
            423479082,
            423440445,
            514137572,
            423441903,
            423444090,
            421752810,
            432444351,
            145736527,
            423432480,
            145743088,
            426409743,
            429641427,
            429942531,
            422315733,
            423427485,
            423430401,
            43297550,
            423466177,
            428604169,
            423468364,
            420871666,
            423470551,
            423431914,
            423472009,
            423472738,
            426406234,
            426406963,
            423435559,
            428612917,
            427256248,
            420880414,
            421748653,
            429643723,
            43315775,
            43316504,
            429915019,
            427244719,
            -1485594101,
            423472144,
            426073216,
            421963141,
            424331716,
            36055151,
            423429943,
            420340441,
            424005853,
            433653439,
            423439420,
            422476411,
            423482431,
            424863184,
            423434371,
            427693918,
            429942181,
            421739473,
            423432940,
            426407260,
            430620880,
            421628665,
            420492154,
            426410203,
            175405147,
            431025529,
            420479086,
            421956769,
            427520524,
            424787503,
            423472387,
            421625101,
            424794793,
            423478948,
            432061465,
            428606761,
            423479731,
            429114928,
            429943801,
            421736719,
            422174848,
            429124405,
            429125863,
            429126592,
            423478300,
            422179951,
            422180680,
            431038759,
            40524245,
            423075244,
            424788394,
            427013302,
            422369572,
            421956958,
            423436099,
            429046483,
            422376133,
            430250062,
            431038840,
            421631095,
            423442660,
            423484213,
            421943863,
            421301641,
            420241675,
            426083935,
            422264786,
            423820472,
            421951316,
            427049942,
            423999806,
            422524310,
            423469823,
            421817180,
            423471281,
            423472010,
            423472739,
            421741364,
            426210134,
            423474926,
            1232246231,
            423476384,
            423477113,
            527723444,
            423478571,
            259289446,
            423480029,
            611612440,
            423482216,
            430175165,
            421751570,
            430158001,
            422678885,
            430611863,
            430628970,
            430613321,
            423469121,
            423469850,
            422683259,
            424790069,
            421739933,
            527718368,
            175397561,
            259284370,
            175399019,
            429912023,
            429234485,
            422689820,
            422690549,
            423439232,
            424798088,
            430625714,
            422694194,
            430627172,
            424801733,
            423444335,
            43316532,
            423467690,
            430613348,
            428075699,
            421702781,
            423475709,
            422770037,
            422535299,
            420631178,
            527712590,
            430612646,
            423468446,
            423429809,
            423430538,
            424002074,
            430616291,
            422684771,
            430617749,
            421957958,
            430166498,
            421959416,
            423475736,
            145743333,
            422592188,
            423478652,
            430625039,
            423441473,
            175407092,
            423426920,
            423467015,
            429234863,
            423429107,
            421737827,
            423431294,
            420026864,
            421740014,
            423551579,
            423434210,
            423434939,
            204121616,
            422690630,
            421747304,
            420115802,
            423442958,
            427793630,
            421633580,
            195295707,
            423473603,
            420244742,
            420868184,
            429234188,
            430613456,
            430614185,
            39720510,
            430618559,
            423474359,
            176564501,
            430626200,
            423480191,
            424287923,
            423482378,
            47077605,
            420633473,
            176554646,
            426603254,
            420877688,
            1007431438,
            39728556,
            423479489,
            663104845,
            430611323,
            423427757,
            420476036,
            426401348,
            424276313,
            39720564,
            430616426,
            424438880,
            423475142,
            145742739,
            423477329,
            427316243,
            427316972,
            426412283,
            420035720,
            421632959,
            430628819,
            426417386,
            39723507,
            430620098,
            423830192,
            430623743,
            39730797,
            423466448,
            423468635,
            426402131,
            423436559,
            430621583,
            427020323,
            420489212,
            429626525,
            423427838,
            421952342,
            145735530,
            36768924,
            421957445,
            43305867,
            430619423,
            423437315,
            429245987,
            421965464,
            423443147,
            430611431,
            420869075,
            423429323,
            423470876,
            422172527,
            1344922323,
            426408017,
            426408746,
            430623824,
            423481082,
            195293007,
            433659380,
            831805886,
            423445361,
            433031738,
            422659526,
            427049564,
            429628766,
            426401483,
            423430079,
            423549635,
            423432266,
            430617290,
            424280093,
            431701313,
            430619477,
            423475277,
            430620935,
            175400099,
            432985082,
            430623851,
            423480380,
            423481109,
            427458533,
            422697434,
            424273559,
            427462934,
            423468014,
            424275746,
            664983667,
            195281397,
            433647041,
            422172581,
            423472388,
            175397183,
            175397912,
            429241694,
            175397916,
            424874255,
            421745387,
            421746116,
            421746845,
            426097517,
            219063584,
            426413903,
            424288868,
            433658705,
            421633121,
            421968461,
            423427217,
            423823793,
            423476060,
            423427244,
            429046376,
            421963412,
            175390703,
            244587423,
            423429458,
            423471011,
            423432374,
            420874313,
            429240317,
            432982274,
            423478301,
            47464245,
            421747655,
            74741258,
            195292413,
            429249065,
            423482675,
            423483404,
            429251252,
            423484862,
            427253819,
            423476141,
            422689550,
            423477599,
            423758264,
            429036980,
            421618089,
            259276135,
            423427352,
            429037736,
            427463825,
            424275908,
            430614563,
            430615292,
            427467470,
            427448516,
            430166228,
            429950444,
            427471115,
            433042133,
            427472573,
            430622582,
            433044320,
            423833405,
            429070541,
            422536514,
            424801517,
            422676482,
            422323646,
            426516881,
            433032683,
            429038492,
            423469661,
            423470390,
            429043595,
            421959173,
            423436127,
            430621151,
            429047240,
            429047969,
            423479867,
            430629170,
            424273775,
            423428135,
            39718026,
            430161179,
            433645799,
            39720213,
            423431780,
            420028079,
            431700827,
            430620449,
            423436883,
            423577580,
            36777969,
            430626281,
            430627739,
            423837833,
            424290569,
            423467555,
            430613942,
            423430376,
            430615400,
            422683880,
            426405425,
            430167065,
            420286928,
            432865094,
            176562395,
            427455185,
            430629251,
            423445685,
            421931579,
            43304787,
            421744226,
            423426084,
            36054208,
            40522249,
            429941886,
            43299739,
            421736262,
            430161315,
            423824847,
            423471282,
            420027486,
            427055046,
            1232244045,
            1254138841,
            427312383,
            423474927,
            433651767,
            423476385,
            421745010,
            433653954,
            195289768,
            420034776,
            421631286,
            429957924,
            420038421,
            433659786,
            36781750,
            421616004,
            423427569,
            421940409,
            325332540,
            426216723,
            432446784,
            195294952,
            325321686,
            426940188,
            421952883,
            421738557,
            433647501,
            420027594,
            421624833,
            420247077,
            423482379,
            423472200,
            427257897,
            423483864,
            175389732,
            423427029,
            422404242,
            429944289,
            173209293,
            423431403,
            423471498,
            -1720429115,
            426405723,
            421741581,
            424005855,
            175407482,
            431704095,
            429049077,
            1704473245,
            431040705,
            429053451,
            421740150,
            433642560,
            421619163,
            41177890,
            423473739,
            423466476,
            175391271,
            427306848,
            426609924,
            -1667746361,
            426930711,
            426065388,
            1551006370,
            427308333,
            91392952,
            426939459,
            426941646,
            91398055,
            427061202,
            426943833,
            423480354,
            421748979,
            427319997,
            426946749,
            426948207,
            426948936,
            426399297,
            39718513,
            175393512,
            427427187,
            431699127,
            426936570,
            -1163886722,
            1259066513,
            1232245854,
            424007448,
            39726532,
            429384552,
            423465828,
            420868401,
            423467286,
            175392081,
            423429378,
            423430107,
            40764655,
            429948096,
            175397184,
            427430859,
            429911646,
            421626561,
            429953199,
            421963359,
            423480408,
            421749762,
            292729075,
            175408119,
            476938035,
            429154296,
            427048944,
            423468096,
            427307739,
            421741824,
            426939594,
            427315029,
            430622502,
            421742096,
            580400016,
            427063524,
            423482676,
            429053694,
            43316965,
            422168316,
            1232246718,
            40772782,
            430217232,
            421740420,
            427472547,
            433655925,
            421749168,
            1704476458,
            430748700,
            422404566,
            431695671,
            421736802,
            432445083,
            423470364,
            422408211,
            425873148,
            423472551,
            421741905,
            423474738,
            421625265,
            429953361,
            420034587,
            432455289,
            176565933,
            422418417,
            432457476,
            421750653,
            422420604,
            325340343,
            145751812,
            430219473,
            432445110,
            421308906,
            421744119,
            432457503,
            424273776,
            429943938,
            423437613,
            426399594,
            57277514,
            420238113,
            419430436,
            421306882,
            423475657,
            423478573,
            423427570,
            430613323,
            423429757,
            424002022,
            427309495,
            423427225,
            424005667,
            423435589,
            423436318,
            423439234,
            421748683,
            423444337,
            424784995,
            429705448,
            423431971,
            427474276,
            421733428,
            422304964,
            427049296,
            423428353,
            424787209,
            423429811,
            423472093,
            429914995,
            423440017,
            426216049,
            423441475,
            422186164,
            423997756,
            423998485,
            423547963,
            431028232,
            424005046,
            423219184,
            424012336,
            424015252,
            423426247,
            423427705,
            423429892,
            423470716,
            423434995,
            423475090,
            427451785,
            423476548,
            419444449,
            423443014,
            421734994,
            423432835,
            421745200,
            430627336,
            695365331,
            430620802,
            423428515,
            423429973,
            424791745,
            423436534,
            423440179,
            671679706,
            423432187,
            423432916,
            423434374,
            423435103,
            423437290,
            423438019,
            430623772,
            420035776,
            423442393,
            423443122,
            423581632,
            433660786,
            421734373,
            426852682,
            430615780,
            426936517,
            424005208,
            432982114,
            424008124,
            424008853,
            421748953,
            423442420,
            423472336,
            429950230,
            423475981,
            423476710,
            421746793,
            430250578,
            429916696,
            1805140295,
            421733698,
            427462909,
            429946612,
            145738502,
            427468741,
            424007449,
            423476737,
            422414584,
            476941627,
            419430814,
            195290147,
            423481138,
            429958303,
            423472417,
            423476791,
            422418310,
            423443284,
            421737451,
            421739638,
            423433105,
            433650040,
            429046405,
            594835685,
            421751302,
            424015576,
            423466666,
            422405242,
            424000294,
            423432403,
            423433132,
            36771302,
            421743310,
            433652254,
            423437506,
            429168904,
            426414013,
            419446960,
            430236916,
            423998863,
            421736776,
            427445575,
            424003966,
            329581639,
            145741580,
            423436075,
            427452865,
            423479086,
            423440449,
            424011985,
            424013443,
            423443365,
            421751356,
            424015630,
            430216504,
            426939676,
            423998917,
            424013497,
            325322173,
            424005505,
            423475522,
            421744876,
            423479896,
            432443707,
            430206406,
            423427462,
            426409801,
            423227716,
            430951498,
            423436237,
            423439882,
            423445714,
            1770307603,
            429036470,
            423427544,
            430199225,
            41135340,
            423469097,
            423430460,
            432978173,
            420874586,
            432980360,
            426545477,
            430620587,
            430621316,
            421745741,
            423434267,
            421314173,
            36777378,
            421748657,
            421750844,
            430628606,
            421319276,
            325325252,
            430616969,
            421740665,
            423473498,
            423435590,
            47086923,
            419441399,
            421746497,
            429050348,
            426413555,
            430627175,
            135177183,
            661929592,
            39720432,
            145746981,
            422404136,
            176554568,
            403422969,
            427309577,
            421740017,
            424280582,
            421742204,
            423436400,
            423439316,
            423480140,
            421965278,
            421616870,
            204125422,
            426409316,
            432979091,
            319712156,
            426399164,
            423427760,
            427030478,
            423429218,
            423429947,
            430615700,
            423474416,
            426407912,
            433656359,
            426945185,
            421139429,
            426948101,
            311776264,
            423439451,
            421734347,
            476936444,
            423476657,
            423441665,
            421934120,
            423466505,
            423427868,
            433644074,
            421736588,
            423432971,
            176559887,
            426605579,
            423833192,
            423440261,
            423482543,
            432458720,
            -1720434810,
            39718515,
            430615835,
            423432998,
            430165313,
            175398617,
            175403720,
            421617086,
            424275749,
            39720729,
            427454918,
            426080753,
            329180582,
            325335107,
            422416124,
            427304825,
            423439667,
            423441125,
            422536436,
            429037010,
            423428084,
            -1804437341,
            424275911,
            423432458,
            430617482,
            423434645,
            176560103,
            421940195,
            527721800,
            423437561,
            429047945,
            429049403,
            425370140,
            423441935,
            423443393,
            527729819,
            421733915,
            421736831,
            429381125,
            421733942,
            423826901,
            661812061,
            325325873,
            421968734,
            148449304,
            433328094,
            426597237,
            423429003,
            432977445,
            422683965,
            423432648,
            423433377,
            424004913,
            422313633,
            426074544,
            145743985,
            422414964,
            429051780,
            1042507108,
            421750845,
            429053967,
            430611138,
            429037227,
            429037956,
            145735264,
            430614054,
            661933913,
            427466961,
            421739937,
            421622568,
            423473499,
            421958637,
            423474957,
            422688366,
            429912756,
            423555876,
            423477873,
            430170822,
            420113538,
            423480060,
            39730585,
            421749414,
            423482247,
            423482976,
            36505489,
            423445068,
            145733104,
            423466965,
            423428328,
            421736319,
            423429786,
            423430515,
            423431244,
            423431973,
            423432702,
            431798706,
            432173412,
            423474255,
            422687664,
            423574128,
            423476442,
            421941897,
            423438534,
            423439992,
            423480087,
            433656927,
            421631343,
            421632072,
            47468947,
            433660572,
            430611192,
            433643832,
            430613379,
            433645290,
            423469908,
            421620435,
            423550098,
            423570510,
            423571239,
            421308423,
            423434916,
            423435645,
            432175626,
            423437832,
            74738697,
            430308657,
            642194095,
            426598251,
            421750197,
            423443664,
            421751655,
            426417255,
            431182026,
            420101226,
            421932474,
            433644588,
            429944913,
            423548667,
            421935390,
            423471393,
            421740018,
            430205166,
            421624107,
            426210975,
            426408534,
            423574911,
            421963092,
            423440046,
            145747009,
            423559602,
            443841121,
            423482328,
            175407123,
            611615468,
            423445149,
            359939759,
            175391112,
            611599457,
            359941946,
            594823699,
            427052268,
            359944133,
            443830942,
            594826615,
            175397673,
            426407103,
            43307167,
            426408561,
            424283526,
            175401318,
            175402047,
            175402776,
            175403505,
            175404963,
            427063932,
            427064661,
            175407150,
            175407879,
            422677539,
            421615413,
            424273347,
            421734969,
            403433309,
            421737156,
            423469989,
            424005966,
            176558268,
            429043923,
            430619292,
            429051353,
            421941276,
            429047568,
            421745904,
            421746633,
            430624395,
            423440829,
            423480924,
            421749549,
            421750278,
            421751007,
            663108467,
            427048677,
            997356652,
            421735725,
            421736454,
            421737183,
            638306446,
            661815977,
            421739370,
            423433566,
            423474390,
            175399914,
            1100273287,
            421745202,
            426076191,
            427061070,
            423479493,
            477394176,
            427437234,
            145748548,
            39732205,
            421632936,
            421633665,
            423484596,
            422304372,
            421950807,
            421931853,
            429943563,
            426401352,
            421953723,
            176555406,
            421738668,
            423471501,
            423472959,
            423435051,
            145742014,
            429952311,
            176562696,
            421745958,
            423479520,
            423480249,
            429405561,
            433657818,
            423482436,
            427065471,
            421751790,
            433660734,
            420237684,
            421734321,
            430198740,
            421735779,
            423468612,
            421737237,
            403426205,
            145738396,
            420874101,
            433275120,
            421741611,
            176559807,
            427313358,
            430620831,
            175400697,
            476938605,
            429953796,
            421746714,
            423479547,
            642194257,
            429956712,
            423483192,
            423483921,
            664998845,
            148252015,
            36763069,
            41053963,
            43297825,
            41250793,
            423427086,
            421735077,
            423467910,
            423429273,
            427012308,
            661933427,
            424002267,
            1785555648,
            433648395,
            426405780,
            420875586,
            421742367,
            423435834,
            421941384,
            430622316,
            421627914,
            423439479,
            423440208,
            176565666,
            423441666,
            421749657,
            423226611,
            421751115,
            430628877,
            420040152,
            425945808,
            429942186,
            432442656,
            426400704,
            430613595,
            176554758,
            421954533,
            424002294,
            423471582,
            421740207,
            43305142,
            423434403,
            424005939,
            423475227,
            422314659,
            423437319,
            423477414,
            423478143,
            176564235,
            425605365,
            423480330,
            429248178,
            431040060,
            421750413,
            423483246,
            421751871,
            421752600,
            390344371,
            423820800,
            427423518,
            426932172,
            424000134,
            426402189,
            423470151,
            423470880,
            423471609,
            423432972,
            175397133,
            424005237,
            427057560,
            423475983,
            423476712,
            426410208,
            430170390,
            429390576,
            141146722,
            148055455,
            137013292,
            42766654,
            43298095,
            34854088,
            141520699,
            -1070946260,
            423479628,
            421748253,
            423481086,
            429052104,
            421632342,
            423483273,
            423444636,
            43316833,
            359939246,
            423427167,
            423998703,
            423426546,
            421736616,
            424000890,
            431796087,
            423432999,
            430204680,
            426190077,
            421742448,
            429045570,
            175400076,
            426192993,
            426410235,
            432985086,
            423478926,
            432986544,
            429050673,
            427024053,
            423481842,
            420254559,
            421751196,
            421633827,
            422677755,
            2006271571,
            423466560,
            423428652,
            421736643,
            429905817,
            423430839,
            427466583,
            423215784,
            145739260,
            421966494,
            423474579,
            423575181,
            423477495,
            420112431,
            426471498,
            426413178,
            421965549,
            423442503,
            423443232,
            429959763,
            423484785,
            423427221,
            427463694,
            421736670,
            429236622,
            423470232,
            426462777,
            423825984,
            421740315,
            429043437,
            423434511,
            421624404,
            427313520,
            429046353,
            423555525,
            421746147,
            423478980,
            421747605,
            145747306,
            421749063,
            145732888,
            423482625,
            423483354,
            145750951,
            423583227,
            423466614,
            423467343,
            423468072,
            579640374,
            424000971,
            423470259,
            422663985,
            433647828,
            423472446,
            423473175,
            424792665,
            423474633,
            424282365,
            426861567,
            429243939,
            421961958,
            429048567,
            432985896,
            427022676,
            432987354,
            420489378,
            421749819,
            423482652,
            426416148,
            195295306,
            420493023,
            176552004,
            429943077,
            145734967,
            426204765,
            429039846,
            431028558,
            423432378,
            426188727,
            424004643,
            145740799,
            430954200,
            429243237,
            429243966,
            423438210,
            390357628,
            429916104,
            422378244,
            175405287,
            390360544,
            429249798,
            427262544,
            433286271,
            421752762,
            41172277,
            433643508,
            423999567,
            423468855,
            423469584,
            426403080,
            420872886,
            422172693,
            423472500,
            423473229,
            429949665,
            423474687,
            423436050,
            424007586,
            423437508,
            422690283,
            423438966,
            423479061,
            429246909,
            422673516,
            477395202,
            421631775,
            476943951,
            421751331,
            175408959,
            427304880,
            195278620,
            423428787,
            430613811,
            176554974,
            421620138,
            430615998,
            421956207,
            421740423,
            424280259,
            423473985,
            43306816,
            423475443,
            429046461,
            423476901,
            1551015310,
            424009800,
            421747713,
            421748442,
            421631073,
            427320189,
            429958440,
            429053751,
            421633989,
            423428085,
            421736076,
            423468909,
            423469638,
            403425773,
            423431730,
            423432459,
            429042843,
            433649394,
            421741908,
            423435375,
            145742338,
            429105537,
            423476928,
            423477657,
            429048675,
            423834138,
            420036048,
            429957009,
            421749927,
            422695440,
            430628418,
            430629147,
            425886273,
            145733617,
            421735374,
            423468207,
            421736832,
            432976554,
            421954803,
            423471123,
            421739748,
            421956990,
            426406077,
            426604365,
            426408264,
            427471875,
            421744851,
            421745580,
            476939658,
            421747038,
            476941845,
            421749954,
            421750683,
            39733312,
            1332583506,
            421752870,
            420631695,
            429037065,
            423428139,
            423212355,
            420870807,
            421737588,
            420872265,
            421955559,
            421739775,
            427468257,
            423473337,
            420029541,
            423435429,
            420247512,
            420248241,
            423476982,
            424284714,
            426407711,
            421747065,
            421629696,
            421748523,
            426414123,
            429387714,
            175407609,
            427440555,
            427441284,
            423466803,
            424274535,
            430160481,
            426913515,
            423429579,
            476931693,
            432979524,
            421957773,
            476935338,
            642189532,
            432983169,
            429047298,
            39727534,
            421746363,
            423479196,
            423480654,
            427064418,
            423482841,
            423227691,
            427322484,
            423485028,
            138155014,
            41054341,
            429390684,
            433642941,
            423999000,
            423468288,
            421736913,
            423824040,
            424277478,
            423471204,
            429947640,
            432979551,
            424004832,
            424005561,
            429950556,
            422688258,
            424007748,
            421744932,
            421962903,
            429049512,
            432986841,
            421748577,
            1332580671,
            176567502,
            175406934,
            423483597,
            423484326,
            429055344,
            422659854,
            421735482,
            424275318,
            421736940,
            423469773,
            421738398,
            432979578,
            421742772,
            421743501,
            431920341,
            420111270,
            421745688,
            426412017,
            432986868,
            421749333,
            421750062,
            429053184,
            421751520,
            421634151,
            421752978,
            420394906,
            423997624,
            1402214144,
            432443089,
            325324498,
            175393165,
            433646668,
            39721082,
            431916022,
            423571159,
            421624000,
            426860407,
            423436294,
            421961527,
            427316032,
            423832870,
            423558037,
            421748659,
            421750117,
            427065256,
            423484408,
            430826923,
            423466939,
            145735994,
            175393921,
            426404809,
            661936101,
            424005670,
            175399024,
            420208309,
            403431822,
            423477874,
            176563966,
            427318246,
            423480790,
            423481519,
            421750144,
            421750873,
            430628635,
            430629364,
            421735591,
            421736320,
            421737049,
            421737778,
            427427623,
            421742152,
            423474985,
            645045188,
            421745797,
            421747255,
            424273267,
            423427627,
            423429085,
            423431272,
            423432001,
            423216217,
            423433459,
            423434188,
            423434917,
            427017952,
            419440726,
            423437104,
            423437833,
            423438562,
            421616089,
            426852496,
            427443715,
            421618276,
            422662204,
            423824230,
            426856870,
            423472123,
            421622650,
            423473581,
            421624108,
            426407806,
            431506432,
            426409264,
            1383360844,
            423477955,
            423478684,
            421629211,
            423480142,
            423480871,
            421749496,
            421750225,
            421750954,
            421751683,
            145751384,
            426399085,
            419440780,
            423564031,
            420868189,
            420868918,
            423569134,
            427309633,
            421740073,
            431031907,
            420876208,
            421624891,
            430168042,
            429912892,
            423832303,
            420880582,
            423480196,
            420882769,
            421634368,
            427304557,
            421739371,
            426936412,
            176560483,
            432982738,
            584099425,
            431038495,
            426945160,
            426083509,
            426182653,
            423467128,
            426932065,
            423468586,
            421619113,
            176555407,
            812928318,
            423825067,
            423471502,
            430243912,
            421623487,
            420029893,
            421744501,
            423831628,
            430170283,
            429245911,
            -2089638671,
            421945705,
            431374591,
            421750333,
            421751062,
            422696575,
            421634422,
            430611355,
            421737238,
            421740154,
            421742341,
            421745257,
            430627393,
            430628122,
            426202390,
            422305885,
            427306096,
            429038929,
            423567784,
            664985751,
            43304387,
            432979903,
            423474472,
            430620130,
            431034202,
            422315362,
            429915187,
            422318278,
            429956011,
            430625962,
            429920290,
            423427114,
            433505539,
            427010878,
            430239619,
            423469396,
            423470125,
            421738750,
            423216433,
            430617970,
            432980659,
            423474499,
            421743124,
            421960366,
            403435604,
            431035687,
            421746040,
            420882904,
            424880740,
            427009447,
            431025508,
            430612894,
            421933420,
            421953832,
            421738048,
            423470881,
            176556973,
            421622137,
            421740964,
            427056103,
            431032798,
            427321465,
            611607666,
            430247665,
            426410209,
            421746067,
            421746796,
            431039359,
            424879309,
            429958252,
            426416041,
            421751899,
            421615603,
            422679214,
            420239251,
            421736617,
            430753618,
            432978526,
            423472366,
            430618024,
            422687233,
            423475282,
            431034283,
            426412423,
            423441748,
            430627501,
            421634557,
            403421238,
            421734457,
            422660287,
            423999460,
            421737373,
            421620733,
            429908005,
            424279396,
            423473122,
            426190105,
            421624378,
            429242428,
            431920045,
            421626565,
            423438130,
            421628023,
            424285957,
            423479683,
            429916753,
            429956848,
            432989488,
            421751224,
            176569420,
            426870262,
            431024860,
            421737400,
            426605662,
            1551014474,
            429919696,
            429915349,
            432973531,
            43300202,
            430615945,
            422311177,
            39723728,
            43306763,
            422314093,
            421744015,
            421941574,
            421748389,
            431040223,
            431043139,
            43298771,
            325324984,
            421619383,
            426602098,
            423573832,
            423479062,
            39729587,
            430295968,
            1249015946,
            431363953,
            423570214,
            421740424,
            429046462,
            422315605,
            422318521,
            421749172,
            421615792,
            421616521,
            423566596,
            430948450,
            426855115,
            423470368,
            1232242402,
            429948262,
            421623082,
            664988208,
            429911083,
            427431754,
            426861676,
            422315632,
            420111865,
            430662682,
            421747012,
            427062151,
            429956281,
            176566666,
            40775027,
            426415528,
            43317050,
            431358904,
            426202687,
            420205204,
            420875884,
            421624567,
            421749226,
            421616575,
            421737589,
            422309854,
            427310065,
            642188777,
            645043541,
            429913324,
            421748524,
            431041087,
            423475552,
            664981026,
            426861784,
            1249019753,
            431033149,
            426605932,
            429409666,
            204141246,
            432441632,
            432442361,
            140319768,
            421736267,
            423429734,
            426402596,
            175394624,
            175396082,
            432448193,
            421741370,
            430206518,
            433523684,
            432453296,
            422318009,
            432455483,
            432456212,
            429051782,
            423836516,
            421750847,
            432972830,
            35208330,
            432459857,
            423997652,
            423998381,
            429037958,
            423999839,
            423528905,
            423471314,
            424003484,
            429043061,
            423473501,
            429044519,
            423219080,
            427471337,
            426409184,
            427472795,
            423477875,
            427474253,
            424010774,
            424011503,
            423441425,
            427024460,
            423482249,
            423482978,
            39733503,
            432459884,
            433032176,
            422404085,
            423467696,
            422405543,
            432444602,
            422407001,
            422525828,
            422526557,
            423472070,
            423433433,
            427429811,
            427469906,
            432981875,
            421960124,
            432451892,
            426409940,
            423477902,
            423478631,
            426412127,
            426412856,
            426413585,
            423481547,
            421966685,
            422695685,
            423483734,
            423484463,
            423426899,
            423466994,
            423467723,
            426401219,
            36077622,
            145736778,
            421955048,
            424002809,
            421621895,
            421622624,
            421623353,
            421624811,
            422688422,
            421626998,
            421627727,
            421746554,
            423479387,
            423224237,
            423224966,
            432457022,
            423226424,
            195294228,
            195294957,
            429054779,
            426399059,
            423467021,
            430612679,
            423468479,
            423469208,
            432446843,
            421740749,
            423473582,
            432981200,
            430619969,
            426192023,
            432983387,
            430622156,
            426410723,
            422317388,
            421963823,
            423480143,
            423480872,
            429248720,
            423442964,
            47469003,
            427262924,
            429960224,
            38200524,
            421734944,
            421617575,
            426401273,
            430850360,
            426402731,
            427013633,
            426404189,
            40528950,
            426405647,
            426406376,
            423434972,
            423435701,
            423436430,
            423437159,
            421745150,
            423556715,
            430623641,
            423480170,
            427437182,
            427260764,
            423482357,
            430175306,
            432459263,
            429920885,
            423406568,
            1361789779,
            421951484,
            429904145,
            429904874,
            421953671,
            421737887,
            426403487,
            433509779,
            423432812,
            423433541,
            421741532,
            423474365,
            426211031,
            422688503,
            426409319,
            176562644,
            433654121,
            426864215,
            433655579,
            423480197,
            423480926,
            433657766,
            433658495,
            433659953,
            433660682,
            423938036,
            420101309,
            432443279,
            433644671,
            432976178,
            423470018,
            430615676,
            423570620,
            36770280,
            426406430,
            423474392,
            433513451,
            430246802,
            426862055,
            421745204,
            429953744,
            421747391,
            422535440,
            427063259,
            431709905,
            426612737,
            421751765,
            421752494,
            429942107,
            432442577,
            420023333,
            1418500960,
            432444764,
            426402812,
            432446222,
            432446951,
            432447680,
            426405728,
            429949397,
            432449867,
            432450596,
            421743773,
            432452054,
            432452783,
            424501580,
            432454241,
            432455699,
            432456428,
            423482438,
            432458615,
            432459344,
            432460073,
            426203093,
            432443333,
            429944321,
            421953752,
            426935009,
            433647641,
            426936467,
            423472988,
            423473717,
            175398512,
            423475175,
            423475904,
            443837613,
            443838342,
            423440183,
            175404344,
            611612689,
            443841258,
            427064771,
            421613309,
            429959630,
            176570015,
            424273457,
            175391249,
            423467912,
            175393436,
            423430733,
            39722082,
            426464831,
            426406511,
            424793234,
            642189183,
            421743827,
            423437294,
            423477389,
            423478847,
            432455024,
            421315175,
            431040035,
            423226613,
            424014662,
            421751846,
            426220616,
            443825274,
            431024753,
            426399977,
            427306124,
            423469397,
            638306556,
            423471584,
            421740209,
            421957451,
            422312474,
            431032772,
            420877802,
            427255823,
            423477416,
            426411641,
            421944329,
            420882905,
            431040062,
            426415286,
            431041520,
            424016147,
            423427142,
            421735133,
            432443414,
            426932903,
            431027696,
            423430787,
            431029154,
            429041900,
            423472340,
            431033528,
            424007426,
            423476714,
            423477443,
            423478172,
            426943109,
            423480359,
            426413855,
            429052106,
            431040818,
            423483275,
            421968413,
            421634531,
            423466535,
            421735160,
            460486633,
            429039011,
            421953860,
            426402947,
            427309094,
            421621436,
            74733137,
            36770442,
            426485324,
            431032826,
            423475283,
            427314197,
            1232248046,
            432985088,
            429954635,
            145746525,
            430620951,
            421749011,
            420883688,
            476943818,
            421751198,
            433522361,
            421752656,
            427756732,
            424273565,
            429018626,
            429944456,
            420024953,
            429956104,
            421738832,
            420027140,
            423433028,
            423217244,
            421741748,
            427314953,
            433299314,
            421746122,
            421943681,
            422672681,
            427476062,
            421965551,
            429957578,
            423226721,
            423483329,
            430176278,
            421969196,
            433642700,
            430612247,
            430612976,
            429039065,
            430161725,
            421955372,
            430616621,
            426405188,
            430618079,
            421958288,
            423474608,
            432450785,
            423476066,
            423476795,
            423477524,
            429048542,
            420880826,
            423479711,
            423480440,
            429051458,
            423481898,
            429052916,
            423483356,
            421751981,
            642198795,
            421734512,
            426400112,
            421735970,
            423469532,
            421738157,
            421738886,
            432447167,
            421740344,
            421741073,
            424005347,
            424793396,
            422943923,
            421743989,
            421744718,
            421745447,
            432985169,
            421746905,
            421747634,
            424090640,
            429917537,
            423481925,
            423482654,
            421751279,
            421752008,
            423484841,
            175389980,
            642180624,
            431025644,
            429943808,
            176554193,
            421738184,
            427053323,
            427054052,
            145740072,
            421308803,
            426466478,
            431033663,
            420877964,
            -1792985548,
            431035850,
            422946866,
            175403102,
            431038037,
            423441128,
            426413990,
            422950511,
            424014122,
            421751306,
            424015580,
            421752764,
            423998840,
            421953995,
            421738211,
            421738940,
            423412724,
            432979391,
            421623029,
            424005401,
            421742585,
            424006859,
            431034419,
            421744772,
            429047894,
            421313204,
            421747688,
            423481250,
            426414746,
            431808617,
            423483437,
            423484166,
            423484895,
            430315652,
            423998138,
            424274429,
            423468155,
            421736780,
            420871457,
            423470342,
            421738967,
            421739696,
            423472529,
            421741154,
            426406754,
            423435350,
            145742313,
            424499690,
            432452351,
            427453598,
            427316546,
            175403156,
            422416937,
            431038820,
            432456725,
            423482006,
            424014176,
            432458912,
            423484193,
            426399491,
            421951862,
            426400949,
            145735779,
            421127363,
            426403865,
            429908168,
            421740452,
            421957694,
            663098641,
            423475472,
            426409697,
            175396816,
            426942596,
            429915458,
            429955553,
            175404641,
            422320007,
            594836499,
            423483491,
            426416987,
            195296145,
            423466751,
            421736834,
            39719463,
            460489036,
            432446573,
            421956263,
            423474041,
            430619699,
            423476228,
            420878801,
            421745582,
            423478415,
            421747040,
            421747769,
            431038874,
            421965740,
            432988949,
            433658900,
            421751414,
            39734043,
            195296172,
            423466778,
            423467507,
            423468236,
            433645805,
            430615352,
            423471152,
            423471881,
            431030882,
            426072224,
            430383530,
            421959935,
            426861731,
            431035256,
            430622642,
            426608039,
            422318603,
            476941874,
            429917699,
            421749983,
            -1163876997,
            421634801,
            432442253,
            432442982,
            432168149,
            421736888,
            431027993,
            426403217,
            427427462,
            421621706,
            429633416,
            427055672,
            423474095,
            424793585,
            423475553,
            421744178,
            426862487,
            432453188,
            432453917,
            432986087,
            432455375,
            432456104,
            426414152,
            432457562,
            423482843,
            424290575,
            432459749,
            421752926,
            421951970,
            421618088,
            420103955,
            430162697,
            426403973,
            429947642,
            429909734,
            426072278,
            421742747,
            195286776,
            429048056,
            422416343,
            429051701,
            145749009,
            423482870,
            423582014,
            427479977,
            1419048871,
            432442307,
            47452803,
            426401813,
            423469775,
            429022568,
            432448139,
            429240539,
            423434783,
            432450326,
            423436241,
            43308438,
            429047354,
            427453760,
            421746419,
            429049541,
            432987599,
            423481439,
            422694848,
            423837191,
            432872417,
            423485084,
            429271941,
            421734081,
            429037203,
            423467643,
            430628971,
            421736997,
            423469830,
            427052865,
            427015686,
            423473475,
            423474204,
            430619862,
            1232246238,
            1249751725,
            1254141034,
            176561754,
            430248072,
            420249837,
            423439212,
            423479307,
            423440670,
            423836517,
            423482952,
            430628610,
            432459858,
            427677645,
            427422495,
            423427575,
            427049976,
            421618197,
            427051434,
            426945432,
            423431949,
            427054350,
            430617702,
            423473502,
            422687640,
            421743585,
            423437052,
            423437781,
            421745772,
            423439239,
            427062369,
            427063098,
            426414288,
            421632048,
            423483708,
            423466239,
            427049274,
            423467697,
            176553789,
            423469155,
            423469884,
            420026088,
            432446790,
            432447519,
            432448248,
            430618458,
            432449706,
            423474987,
            423475716,
            423476445,
            426411399,
            427062396,
            423835113,
            432458454,
            429960171,
            432165423,
            423210387,
            426399762,
            433506054,
            423429087,
            145736779,
            433646751,
            433647480,
            423432732,
            433648938,
            421623354,
            421624083,
            421959423,
            423219864,
            423575616,
            427434213,
            423439293,
            422180310,
            421629915,
            426413613,
            427260711,
            421632102,
            421750929,
            422696442,
            429920832,
            176550927,
            421734189,
            424274025,
            421735647,
            423429114,
            421304079,
            145737535,
            664985591,
            1704465124,
            423472854,
            421308453,
            421309911,
            421310640,
            427314684,
            432453405,
            421746582,
            423480144,
            419445858,
            176567694,
            423483060,
            424290792,
            429960225,
            421734216,
            423429141,
            420876183,
            423833007,
            426413667,
            420237606,
            421616145,
            421616874,
            421617603,
            422681214,
            426402030,
            422683401,
            420479634,
            423432813,
            426405675,
            430618566,
            433512696,
            426466911,
            426408591,
            433653393,
            433654122,
            420880584,
            423440103,
            432456375,
            426414423,
            423443019,
            423443748,
            426416610,
            423228693,
            430611303,
            424274106,
            432443280,
            433034499,
            432444738,
            430614948,
            432446196,
            432447654,
            432449112,
            432450570,
            432451299,
            423476580,
            432452757,
            432453486,
            431706261,
            432455673,
            426413721,
            432457131,
            432457860,
            432458589,
            432459318,
            432460047,
            421734297,
            423467130,
            430613517,
            421953726,
            423470046,
            430615704,
            433647615,
            423472233,
            421740858,
            421742316,
            433651260,
            423436512,
            145743475,
            422316768,
            421746690,
            423479523,
            611611934,
            430881789,
            145748578,
            423482439,
            421632966,
            421633695,
            423484626,
            423427062,
            427049463,
            433644726,
            427053837,
            430617189,
            426405756,
            429910788,
            427057482,
            427058211,
            427058940,
            423439455,
            421747446,
            429385179,
            430625937,
            423227316,
            426416691,
            426851931,
            427049490,
            426400680,
            427050948,
            420871215,
            427052406,
            423470829,
            427053864,
            427054593,
            421740912,
            431032017,
            423475203,
            427432215,
            423830955,
            423832413,
            426470664,
            421747473,
            433656417,
            424288038,
            431925771,
            421632291,
            423443856,
            423445314,
            426399249,
            421735836,
            422308101,
            420872700,
            36769660,
            421622841,
            421741668,
            39725026,
            421626486,
            426607743,
            430618863,
            423835356,
            432457239,
            430627449,
            175407315,
            430628907,
            420886551,
            427048815,
            431025510,
            421952376,
            420102903,
            427051731,
            427052460,
            426403650,
            427053918,
            423432975,
            422685750,
            431032071,
            426407295,
            176560620,
            431703480,
            427059021,
            430622373,
            432178059,
            426411669,
            431037903,
            426472176,
            429956796,
            430626747,
            423482547,
            423483276,
            423563466,
            427677969,
            430611465,
            421617063,
            421952403,
            431026995,
            427425735,
            423470181,
            427053216,
            426404406,
            421740264,
            430165317,
            423473826,
            427056861,
            423475284,
            421960422,
            -1133221311,
            433654311,
            430623858,
            429956094,
            423835410,
            430626774,
            422675571,
            430628961,
            426417528,
            427677996,
            427462212,
            423468021,
            1783033419,
            175393545,
            423470208,
            145737805,
            423471666,
            175396461,
            427468773,
            429949560,
            539912719,
            423477498,
            421628025,
            695379349,
            422417532,
            423481143,
            419446857,
            433658712,
            421968468,
            664981514,
            426600561,
            427053999,
            432450057,
            423476067,
            427059102,
            421747608,
            427063476,
            420885201,
            421751982,
            424789752,
            424792668,
            427430919,
            421743261,
            423476094,
            1467207155,
            426607878,
            423441102,
            426613710,
            420474099,
            420100851,
            429096711,
            427051866,
            422289309,
            431029290,
            427054782,
            430619592,
            432982281,
            538082281,
            430248531,
            430628340,
            423484869,
            427048977,
            420475584,
            423428763,
            695368522,
            426855063,
            695369980,
            433647156,
            426404541,
            671687676,
            427057725,
            423476148,
            420485061,
            429954042,
            423479793,
            -1015777748,
            432456699,
            695381644,
            431040981,
            427439721,
            421752063,
            429960603,
            432975774,
            430616001,
            422665527,
            430618188,
            433650099,
            424794207,
            421626702,
            432453081,
            423833385,
            420883122,
            426613062,
            695757835,
            43317025,
            421301595,
            429038472,
            423468912,
            422682321,
            426934578,
            430616028,
            423432462,
            428609820,
            423571701,
            420029490,
            427805733,
            427315116,
            423438294,
            423478389,
            423479118,
            429916188,
            427318761,
            421631103,
            422675031,
            426474579,
            423483492,
            430629150,
            432460398,
            429941730,
            431030127,
            423475500,
            424274511,
            -1434059136,
            426402462,
            430616082,
            431030883,
            429911868,
            430621914,
            423479172,
            433658928,
            176568909,
            426202743,
            421618791,
            421737618,
            421739076,
            433648749,
            426603693,
            421742721,
            430621212,
            420111219,
            426942678,
            423479199,
            421751469,
            431910111,
            423821856,
            422307723,
            427426032,
            422309181,
            421621005,
            430616865,
            421937391,
            421623192,
            427430406,
            642188833,
            433651692,
            423574725,
            423575454,
            423576183,
            43310599,
            431923233,
            430624884,
            430625613,
            433519743,
            430627071,
            642196852,
            430628529,
            433660440,
            426399627,
            420101796,
            421618845,
            423826986,
            422686830,
            427057914,
            423439887,
            423225561,
            421968765,
            426083241,
            145733054,
            145734512,
            584098510,
            204137658,
            429947752,
            424004944,
            426406999,
            1534904647,
            424007860,
            476939851,
            429129085,
            423441427,
            429114532,
            422403358,
            -9272065,
            420642094,
            432456268,
            423426901,
            39723353,
            426097957,
            423441481,
            426097282,
            423441535,
            423427711,
            423428440,
            423431356,
            423437188,
            423441562,
            1704473225,
            430763665,
            421734298,
            429905659,
            423475879,
            671679415,
            420022633,
            420023362,
            671693266,
            420883582,
            420037942,
            420021931,
            423427819,
            421617712,
            423429277,
            423430006,
            430615759,
            422310991,
            423473746,
            311782128,
            295006370,
            423439483,
            423440212,
            426413803,
            423481765,
            423443857,
            390363275,
            176551846,
            433644781,
            664983594,
            430618702,
            423435865,
            430956229,
            431037148,
            430310335,
            427437346,
            429942217,
            431025511,
            422405086,
            422408002,
            421622140,
            145740668,
            421624327,
            423476716,
            1937009191,
            -1552650279,
            422319064,
            422418208,
            423482548,
            476944522,
            429017143,
            420024928,
            423470911,
            421740265,
            423473098,
            423473827,
            423476014,
            420032218,
            427059778,
            423478930,
            423479659,
            423480388,
            431039389,
            421751200,
            429944458,
            175400107,
            420487141,
            421741777,
            423475339,
            423476797,
            432455890,
            429054376,
            527711518,
            420868489,
            422306806,
            422406679,
            423431653,
            432983011,
            423476851,
            423439672,
            432986656,
            611612178,
            39731021,
            145748822,
            429052972,
            423444046,
            421752766,
            137013242,
            -1415551381,
            514125162,
            1310932848,
            423437512,
            429638386,
            426413290,
            423481252,
            422184361,
            43515314,
            661812660,
            421736782,
            432445063,
            429042820,
            1484099635,
            432450166,
            432450895,
            432451624,
            432453811,
            421943818,
            432455269,
            432455998,
            429051568,
            420038212,
            432458914,
            -1988852603,
            432460372,
            429234574,
            423469642,
            -1032681026,
            423475474,
            422465107,
            423472612,
            420640447,
            430161241,
            429045871,
            423484330,
            426408376,
            276052820,
            39715254,
            429037205,
            427305830,
            429038663,
            421618901,
            429040121,
            424002002,
            429041579,
            423432653,
            429043766,
            2056572228,
            2071105582,
            424006376,
            429952100,
            431724299,
            139938234,
            429954287,
            421747205,
            431983823,
            429051785,
            429957932,
            429053243,
            427046306,
            429054701,
            427462592,
            432856463,
            432444578,
            432445307,
            422525804,
            422526533,
            426404813,
            423434867,
            432450410,
            423436325,
            431802329,
            427020089,
            433654718,
            432454784,
            36777411,
            36763290,
            427063829,
            423483710,
            432441689,
            390345564,
            426931907,
            429117449,
            476930402,
            443829408,
            443830137,
            175395410,
            175396139,
            611604484,
            427055837,
            423435623,
            423436352,
            427453142,
            423442913,
            423466268,
            429943433,
            421743641,
            421744370,
            420035594,
            426610445,
            421734191,
            429942731,
            423468482,
            421737107,
            527716271,
            432447575,
            423473585,
            421742210,
            421624841,
            1033164347,
            423477230,
            429953666,
            422536820,
            423483062,
            421751687,
            432991409,
            426458138,
            426402005,
            422175263,
            429902690,
            962465212,
            175394789,
            423472181,
            431031911,
            489382569,
            514132858,
            423440105,
            421748825,
            175392629,
            427308935,
            427309664,
            477387620,
            39724191,
            433513454,
            1528036172,
            403431988,
            39728565,
            642194208,
            642194937,
            36779031,
            176567777,
            420631322,
            476926919,
            175389740,
            559730434,
            642179655,
            432441851,
            422404250,
            420102068,
            422523806,
            426461864,
            422407895,
            422900699,
            424793183,
            429950858,
            423475880,
            427472258,
            423437972,
            429049085,
            420881369,
            430625183,
            430625912,
            420883556,
            433658552,
            423483170,
            423444533,
            421319498,
            430625210,
            1098137403,
            422305889,
            423470831,
            421601675,
            430620863,
            422315366,
            425347277,
            443838372,
            421748933,
            426122960,
            423466484,
            431025485,
            423999383,
            420634319,
            421737296,
            429021464,
            421739483,
            39723570,
            476935748,
            427471610,
            432452138,
            424285880,
            432455054,
            424013234,
            424013963,
            432991598,
            431024783,
            421617038,
            430613627,
            421304297,
            421738052,
            1098142560,
            426936551,
            426937280,
            427273349,
            426408026,
            426408755,
            421744613,
            432453623,
            423478904,
            430250585,
            422948921,
            429958256,
            427065584,
            421751903,
            432460184,
            432973427,
            421735892,
            427425008,
            432976343,
            423431546,
            425341526,
            421740266,
            430618028,
            427449794,
            422667554,
            432982175,
            423476015,
            422413862,
            421745369,
            422671199,
            423478931,
            421747556,
            244599717,
            145747257,
            429404972,
            430626776,
            430627505,
            426416801,
            422697443,
            430199609,
            432444929,
            421620008,
            429041228,
            430203254,
            432447845,
            429044144,
            429951020,
            426467858,
            429952478,
            421312370,
            432453677,
            432455135,
            429956123,
            431807783,
            432458051,
            433660172,
            423469508,
            432447872,
            421741778,
            431505275,
            421743236,
            423476069,
            423476798,
            421627325,
            423478256,
            432455162,
            423480443,
            423427253,
            420030842,
            36765450,
            43300935,
            430437344,
            424001732,
            426128225,
            424003190,
            421307348,
            426603533,
            423475394,
            429125873,
            422415428,
            429049328,
            642194478,
            421749122,
            423482684,
            41189751,
            421734569,
            421737485,
            36769122,
            36769851,
            427451387,
            421744046,
            423478337,
            423479795,
            39730320,
            1098152199,
            431040983,
            429036260,
            433032638,
            429042092,
            430617461,
            421744073,
            429047195,
            423477635,
            431037365,
            421748447,
            421749176,
            431040281,
            432442175,
            427049762,
            421736081,
            421736810,
            429020249,
            421738268,
            422664098,
            427468208,
            421741184,
            176560838,
            427315118,
            423477662,
            427454357,
            429049409,
            421748474,
            420115514,
            426474581,
            423483494,
            429959930,
            423466781,
            423428144,
            423471155,
            424006970,
            432058046,
            476938232,
            175403240,
            642196800,
            432451004,
            424276754,
            423436217,
            429046601,
            432063203,
            476944847,
            426613928,
            423430412,
            432053753,
            426605936,
            422403117,
            429942435,
            422404575,
            430199772,
            421126638,
            422407491,
            421128825,
            429948267,
            422411136,
            427450713,
            430207062,
            429951912,
            422414781,
            429639171,
            422416239,
            429030456,
            430213623,
            421140489,
            422420613,
            422421342,
            422403873,
            422405331,
            422406789,
            422408976,
            421130310,
            421131039,
            422411892,
            422412621,
            422413350,
            422414079,
            422414808,
            422416995,
            422419911,
            421142703,
            422403900,
            422405358,
            422409003,
            430758240,
            422417022,
            429956340,
            422403927,
            422405385,
            422409030,
            421132551,
            422413404,
            422414133,
            422414862,
            43310575,
            421136925,
            422417778,
            422418507,
            422419965,
            419431821,
            429953478,
            176551552,
            176552281,
            421735543,
            427306561,
            176555197,
            422309266,
            74732062,
            423472021,
            423473479,
            429045226,
            421743562,
            423476395,
            425878450,
            425348467,
            176566861,
            426611824,
            423443590,
            422952244,
            421752310,
            476928190,
            424004947,
            424005676,
            430622080,
            422446372,
            43299101,
            423466297,
            421734922,
            432976102,
            433646782,
            527717731,
            421740754,
            422313019,
            422412163,
            427313959,
            423440053,
            421748044,
            427459759,
            431024623,
            430246780,
            422415862,
            427317658,
            421748827,
            -1234344035,
            423477313,
            427048711,
            420222355,
            426604021,
            433651264,
            423436516,
            421746694,
            430625185,
            421748881,
            421738702,
            176557627,
            176564917,
            390345053,
            429037477,
            425341447,
            422668204,
            69288889,
            430627426,
            423741346,
            424490029,
            430612171,
            425652784,
            425358268,
            420635077,
            424336210,
            427683049,
            421739512,
            57266994,
            423473803,
            426131737,
            421743157,
            429892648,
            423752281,
            423477448,
            429638956,
            43312466,
            422477260,
            420648199,
            427766209,
            477398692,
            424253131,
            421618525,
            433509244,
            427056865,
            421743913,
            430623862,
            433658689,
            421735192,
            427306210,
            423429388,
            423469483,
            433646323,
            427309126,
            424006027,
            423476773,
            430622431,
            421746856,
            421965556,
            421750501,
            431034343,
            423480445,
            420874324,
            433533409,
            423476854,
            430625428,
            144677951,
            423443347,
            426597757,
            421739701,
            424872943,
            175406806,
            145732868,
            423565873,
            423566602,
            135166742,
            433646485,
            420872947,
            433648672,
            423434653,
            429165322,
            427768558,
            429147097,
            145747448,
            432988198,
            423444859,
            423445588,
            432008476,
            423466783,
            433650184,
            433650913,
            423573946,
            423476989,
            175403242,
            430613926,
            430627777,
            377814640,
            421950599,
            420278273,
            429943355,
            433644488,
            429039395,
            423824129,
            145738161,
            421740647,
            420107687,
            2124351046,
            421744292,
            422316557,
            427454549,
            421747208,
            1836348491,
            421748666,
            427260635,
            421750124,
            431041229,
            423444320,
            1869907297,
            421950626,
            420868790,
            423467675,
            422661401,
            423469133,
            421738487,
            423471320,
            423472049,
            421957187,
            433649618,
            424005677,
            433651076,
            39725490,
            432983312,
            433653263,
            423477881,
            421746506,
            420251327,
            421747964,
            661944127,
            430252478,
            420116462,
            421750880,
            426869189,
            422697122,
            430236467,
            427305158,
            144669906,
            422343989,
            427756814,
            429390503,
            426933368,
            420281243,
            421738514,
            427053653,
            425519108,
            175397600,
            39724059,
            430246673,
            420642098,
            176562542,
            420034841,
            403435501,
            -1720420518,
            423442187,
            423442916,
            245704587,
            39715338,
            175389608,
            -1653326936,
            -1854653528,
            421734167,
            42767661,
            430238681,
            423429821,
            42770577,
            36767991,
            43303476,
            423216953,
            423473561,
            430246700,
            432983366,
            421745831,
            69287243,
            41402244,
            421748747,
            432989927,
            427677731,
            432973187,
            424274030,
            420023231,
            427306670,
            429944921,
            424276946,
            433646783,
            433509731,
            432447578,
            423472859,
            420029063,
            145741185,
            422668772,
            423476504,
            422670230,
            422670959,
            429954398,
            426077576,
            421748045,
            421748774,
            424288610,
            423482336,
            421141517,
            426614120,
            424000682,
            1551012753,
            423836657,
            422678303,
            422265689,
            423998522,
            422306513,
            423999980,
            421737164,
            139931838,
            426404951,
            175396979,
            422313803,
            427059593,
            43310847,
            430309475,
            664994398,
            421748828,
            195293586,
            36781194,
            423484577,
            423427013,
            429037397,
            421617635,
            39718362,
            430161515,
            431698247,
            429947189,
            1007427076,
            421937666,
            429910010,
            43307229,
            476937101,
            423437219,
            422414432,
            426863519,
            421628570,
            420034976,
            429955937,
            36089400,
            40774683,
            421947143,
            433345058,
            426082760,
            559730437,
            145733274,
            432974024,
            430160813,
            426854798,
            422663048,
            423825074,
            421306379,
            427054544,
            423472967,
            429043985,
            423828719,
            423475154,
            661940671,
            423478070,
            423439433,
            429955235,
            423480986,
            423481715,
            423482444,
            423483173,
            43316004,
            37392150,
            427462082,
            421735058,
            1232238467,
            145735488,
            422465516,
            421955216,
            427056758,
            424006622,
            175401434,
            423478826,
            145747152,
            422477180,
            429958178,
            425650544,
            429942167,
            642181170,
            423467918,
            429944354,
            431027648,
            429040394,
            423411785,
            421739459,
            421740188,
            176558384,
            423475208,
            424007378,
            421744562,
            432984284,
            422671121,
            39728649,
            423479582,
            421630109,
            431039312,
            421749665,
            432871289,
            421751123,
            420885800,
            421752581,
            424587689,
            427463594,
            422661671,
            421738757,
            429947297,
            426129524,
            429043337,
            423474506,
            424006676,
            429951671,
            421745318,
            426943088,
            421748963,
            423482525,
            421633052,
            421751879,
            421752608,
            429980858,
            422462681,
            423467243,
            423467972,
            423470159,
            423470888,
            695371281,
            422469242,
            424005245,
            424005974,
            424342043,
            2120495689,
            423478178,
            421746803,
            424345688,
            427062671,
            390359688,
            421750448,
            421633079,
            43316112,
            423484739,
            432165698,
            423467999,
            432976346,
            427249322,
            421620713,
            422409491,
            422685782,
            426071987,
            424006001,
            423573704,
            427471667,
            429952454,
            423477476,
            420112412,
            423478934,
            431037935,
            421749017,
            432988739,
            423836873,
            423483308,
            423484037,
            427776416,
            2135352773,
            421735193,
            421617824,
            421618553,
            421619282,
            -1210500432,
            176557763,
            421958267,
            423474587,
            421626572,
            421627301,
            423478232,
            421963370,
            422672687,
            642195129,
            431984933,
            423482606,
            426416102,
            424802825,
            433660904,
            421735220,
            422523269,
            423468782,
            423469511,
            432977858,
            421740323,
            423473885,
            423474614,
            423475343,
            433042010,
            429952508,
            426075686,
            422415377,
            421746884,
            423479717,
            661943776,
            527727506,
            423427256,
            423432359,
            43308930,
            403433692,
            36718770,
            420036677,
            423466649,
            -1737211180,
            421737461,
            423470294,
            424002464,
            41059992,
            427468130,
            432980828,
            421742564,
            429380297,
            429381026,
            430247807,
            427454279,
            427258178,
            420035246,
            421748396,
            429051518,
            424013399,
            421750583,
            423484145,
            43316976,
            420474131,
            423998846,
            433644245,
            423468863,
            424001033,
            432052109,
            423471050,
            36237684,
            423473237,
            423828989,
            432982313,
            422314856,
            423476882,
            421746236,
            403435204,
            423480527,
            423481256,
            431040257,
            423483443,
            429113510,
            423484901,
            420474158,
            426852179,
            423998873,
            421737515,
            423470348,
            427309262,
            422271143,
            427310720,
            422666261,
            423473993,
            426092561,
            423475451,
            420878024,
            420032384,
            432453086,
            422179289,
            420034571,
            36777171,
            427318739,
            1785565376,
            879930323,
            195293208,
            426474557,
            145751067,
            421733897,
            423466730,
            421617257,
            423999629,
            423469646,
            423471104,
            423472562,
            433649402,
            433650131,
            424506043,
            423476936,
            430170614,
            423439757,
            427022792,
            424504097,
            427064345,
            433658879,
            429054515,
            176570318,
            422462195,
            204122920,
            423467486,
            421460549,
            421737569,
            430246457,
            420881723,
            433642166,
            44677425,
            421620227,
            422172080,
            292719096,
            420107552,
            431918081,
            423475532,
            429047279,
            423477719,
            426411215,
            421747073,
            421747802,
            421748531,
            421749260,
            175406159,
            431041094,
            429053840,
            421968689,
            422306243,
            420103934,
            421744184,
            432060992,
            423440567,
            539622825,
            424801610,
            421734734,
            423999008,
            580387823,
            420106877,
            423434762,
            69283436,
            422668583,
            580179329,
            423910070,
            421964369,
            176568239,
            420117812,
            432973754,
            421735490,
            432975212,
            432979237,
            421621037,
            426132089,
            421744238,
            421745696,
            426414941,
            421750799,
            432066149,
            594819928,
            429941898,
            145733788,
            432443097,
            421736274,
            429039396,
            429040125,
            421935291,
            176558115,
            423434115,
            423434844,
            423436302,
            432058185,
            421626924,
            426076011,
            432454032,
            427317498,
            429956478,
            427477149,
            423482229,
            421967367,
            432065475,
            421949142,
            429036507,
            423467676,
            423468405,
            420870978,
            423469863,
            423470592,
            430616250,
            421936776,
            423472779,
            759549269,
            424005678,
            421624764,
            427471344,
            423476424,
            421745049,
            423479340,
            421629867,
            432456246,
            423481527,
            424013697,
            423482985,
            421751610,
            424803204,
            429036534,
            429942681,
            433643814,
            423822726,
            420024636,
            432445338,
            421738515,
            421424316,
            423472077,
            420107742,
            421742889,
            176561085,
            476937696,
            426606777,
            421745805,
            430624296,
            432456273,
            432457731,
            594837478,
            359957183,
            427066776,
            1009566584,
            175391067,
            427463379,
            879917499,
            426067344,
            176556009,
            176556738,
            421740000,
            421740729,
            423434196,
            423434925,
            432863811,
            421743645,
            423437112,
            423438570,
            427316850,
            421747290,
            426216060,
            423442215,
            423423990,
            424015209,
            611597252,
            432973188,
            421124751,
            422306460,
            424275489,
            432444663,
            420104880,
            429022008,
            423472131,
            421623387,
            426191301,
            427471425,
            423574920,
            432452682,
            421942689,
            429048981,
            1310939765,
            426216087,
            423579294,
            421749504,
            429958044,
            429919407,
            421948521,
            422382276,
            424790919,
            429951510,
            421744428,
            420290073,
            421748073,
            139926007,
            39715420,
            422305056,
            432973971,
            423467811,
            423429174,
            176554632,
            664984193,
            430458921,
            423472185,
            427055220,
            424007271,
            423476559,
            431035560,
            432984906,
            431037747,
            424011645,
            423480933,
            429051951,
            424289394,
            420038595,
            429920190,
            430629507,
            642179632,
            430613496,
            176554659,
            176555388,
            432446931,
            873189666,
            422312373,
            176559762,
            642189109,
            420032790,
            176563407,
            176564136,
            176564865,
            420035706,
            429917301,
            433342872,
            423444510,
            422382357,
            195276874,
            421932591,
            423470052,
            194219095,
            432978399,
            421622037,
            176558331,
            426406464,
            429950133,
            423475155,
            145742752,
            423476613,
            421745238,
            422671068,
            424010970,
            427475907,
            424012428,
            423442350,
            430627374,
            429958881,
            424015344,
            429233553,
            421738704,
            426936474,
            430617924,
            476935698,
            424282914,
            47461855,
            430622298,
            426943764,
            430625943,
            430627401,
            426733110,
            429036750,
            175391256,
            426204585,
            433507707,
            429040395,
            423411786,
            661938863,
            425678976,
            420879240,
            423438759,
            433280988,
            43311685,
            176565675,
            432456489,
            423481770,
            420884343,
            421751124,
            427322871,
            423997200,
            432441936,
            421735113,
            432443394,
            421736571,
            423470133,
            421738758,
            429948027,
            423571464,
            421741674,
            421624305,
            431033508,
            421743861,
            432452871,
            426607749,
            420880725,
            431037882,
            421748235,
            421748964,
            421749693,
            421744404,
            423483255,
            433286118,
            421950924,
            431025516,
            421952382,
            423468702,
            429039720,
            433036098,
            421738785,
            422369370,
            431030619,
            421740972,
            421742430,
            427313448,
            421743888,
            432983610,
            427311585,
            423478179,
            576993276,
            431038638,
            421748991,
            421631622,
            432989442,
            423484011,
            422539956,
            420473997,
            427442508,
            427462920,
            427463649,
            427464378,
            421955325,
            423471645,
            421740270,
            431032104,
            431032833,
            421743186,
            431034291,
            427452714,
            431035749,
            429324057,
            427258071,
            423479664,
            421748289,
            1981893054,
            421750476,
            420885153,
            433660149,
            427796100,
            429017904,
            432443475,
            427011696,
            423470214,
            431914950,
            433510002,
            426857877,
            432448578,
            419438844,
            429950295,
            421743213,
            432452223,
            432452952,
            429914574,
            421628760,
            432455139,
            427319334,
            43313980,
            429958314,
            431986392,
            421751961,
            426417561,
            423466596,
            432443502,
            421599627,
            421738137,
            421738866,
            423472428,
            433039095,
            429044175,
            432450063,
            423829638,
            429046362,
            432452979,
            429049278,
            432455895,
            390359770,
            428205825,
            432458811,
            429054381,
            423484821,
            429037641,
            431032914,
            423475371,
            429951807,
            423476829,
            423477558,
            432455922,
            420883047,
            429958368,
            429390504,
            36763996,
            423467379,
            432443556,
            421737462,
            430457760,
            325327152,
            423471753,
            429377382,
            421957620,
            420640317,
            36772744,
            427452093,
            427059162,
            427059891,
            432453762,
            422416161,
            432455220,
            421748397,
            429405813,
            432063747,
            39732484,
            432990306,
            427066452,
            429055164,
            420474132,
            423210798,
            430159626,
            433506465,
            244588192,
            424002492,
            426404547,
            420027984,
            664987433,
            427312881,
            422670609,
            431037342,
            426078684,
            432063045,
            420116193,
            423443349,
            423483444,
            432460350,
            145732843,
            423428067,
            430199748,
            423468891,
            423469620,
            426403116,
            403427213,
            421740432,
            423571680,
            427469643,
            426860199,
            420030927,
            421744077,
            403432316,
            421745535,
            423439731,
            642193807,
            433282689,
            423481284,
            423482013,
            432989631,
            421752096,
            176570292,
            423466731,
            429943167,
            423468189,
            429039207,
            427465296,
            427466025,
            421955514,
            423471834,
            426405330,
            421741188,
            423435384,
            431919486,
            429951915,
            429047226,
            421962804,
            420035328,
            429957018,
            422320743,
            429053787,
            422322930,
            422677953,
            420868602,
            421737570,
            423433224,
            431032320,
            431525124,
            421743402,
            476937480,
            421744860,
            422318583,
            427062915,
            426414105,
            421750692,
            432065313,
            429942492,
            423998955,
            426086811,
            421737597,
            429946137,
            421739055,
            427310073,
            433513134,
            426409029,
            431704485,
            423477720,
            422376201,
            432454626,
            429050925,
            421749261,
            423482823,
            433521882,
            421752177,
            432973701,
            421737624,
            -1703771038,
            429042933,
            423434007,
            421743456,
            421744185,
            -999004036,
            421746372,
            421747830,
            421748559,
            429051681,
            432990468,
            423425259,
            422934669,
            423466839,
            423430389,
            427310127,
            423216792,
            427313043,
            421744212,
            430622703,
            2138593449,
            427318146,
            427318875,
            431708913,
            145749016,
            423227727,
            423444969,
            427323249,
            432447417,
            430205013,
            419439870,
            420227919,
            421744239,
            432452520,
            423483633,
            429045229,
            423478585,
            423426853,
            421956460,
            424005679,
            423478612,
            423480799,
            429408298,
            423426907,
            145736057,
            443830169,
            145738973,
            421740730,
            426407059,
            145741889,
            421945579,
            421747318,
            423472159,
            41053865,
            148251917,
            141913991,
            902853389,
            430612012,
            420871114,
            145738325,
            642190541,
            423427015,
            421743754,
            423479530,
            426414484,
            423432901,
            135162830,
            421734358,
            423470836,
            422684245,
            527717896,
            426603349,
            423438031,
            423438760,
            423441676,
            429918112,
            423443134,
            430628887,
            423427123,
            423427852,
            145734815,
            429020011,
            421738030,
            426464137,
            430618708,
            421743133,
            423475966,
            421748965,
            423444619,
            429942223,
            427423528,
            430613632,
            430615819,
            423435898,
            426605590,
            429047011,
            430622380,
            430623838,
            421747534,
            423466543,
            419470284,
            36054660,
            36704199,
            421575877,
            36231807,
            36762794,
            427422254,
            429016539,
            429547832,
            430079042,
            431673564,
            432205280,
            422127309,
            422658904,
            37845813,
            424784668,
            425847550,
            426910466,
            427441899,
            428515970,
            431161887,
            147543704,
            421615705,
            423210028,
            423741116,
            424272910,
            425867259,
            426398674,
            427461582,
            429055905,
            430650228,
            431181707,
            248226427,
            424824034,
            427481265,
            47451117,
            420060774,
            421123656,
            37904862,
            194213992,
            420100114,
            422757319,
            427008847,
            428071729,
            428603196,
            430197519,
            431791880,
            427028556,
            421202388,
            42766563,
            41723364,
            422304758,
            40680165,
            2005208689,
            45994575,
            148252292,
            34853997,
            424449704,
            429764534,
            430827349,
            47077140,
            34342239,
            421281094,
            421812466,
            422875417,
            428721268,
            43376736,
            430847032,
            432441381,
            433504301,
            420237566,
            421300777,
            422363202,
            424489449,
            34460337,
            40758897,
            420277287,
            422403051,
            422934466,
            39715718,
            426654553,
            429311784,
            43967226,
            430374704,
            34420971,
            422442391,
            421399192,
            425118855,
            426713659,
            427244979,
            429370653,
            44026275,
            430433753,
            431496597,
            47214921,
            36074343,
            423013198,
            423544639,
            426201908,
            41388753,
            423564470,
            433130286,
            433661932,
            420395416,
            427303865,
            422521149,
            423072247,
            425749121,
            430551787,
            -1613547649,
            47392284,
            41034498,
            40724381,
            34755602,
            35857869,
            41172260,
            44971079,
            37550116,
            39262535,
            43516650,
            1042500538,
            -2037005310,
            1059269762,
            -802801471,
            -1468777641,
            781436464,
            925055463,
            742779568,
            1754803289,
            -1109831623,
            -1043616219,
            137426824,
            140615013,
            148055580,
            134789040,
            143921757,
            143961580,
            142404507,
            136599689,
            137131317,
            142543828,
            140437874,
            144180307,
            148449260,
            140536476,
            178440495,
            179199453,
            -1095348077,
            -1300998557,
            -2020358608,
            -2006868467,
            -1181436577,
            -914932301,
            -1284222672,
            -1988871337,
            -897177323,
            311772755,
            292712137,
            725997336,
            1242108711,
            1249017444,
            321798554,
            329278094,
            344244243,
            -1163217500,
            -1167232832,
            -1164713408,
            -1171071017,
            -1173629807,
            -1164457529,
            -1169752256,
            1286386716,
            -1382726061,
            1310926363,
            377798675,
            -970758812,
            -1083004914,
            2020894394,
            430945338,
            430158018,
            421930524,
            422580063,
            422107671,
            422639046,
            426359394,
            421595913,
            423190236,
            430098969,
            421084155,
            426929676,
            432775980,
            433327090,
            423249285,
            429095136,
            429134502,
            425434098,
            425985222,
            427048104,
            428642427,
            429173802,
            427599228,
            426556138,
            433464762,
            420729861,
            425512830,
            420218212,
            425532608,
            427658277,
            429252709,
            431378364,
            428209401,
            425591562,
            429902139,
            433090980,
            421950316,
            424075971,
            427264726,
            420375524,
            1805124245,
            1821902190,
            -1602995164,
            -1272757446,
            2037552940,
            -1452118162,
            -1939395433,
            -1926866602,
            1445353814,
            -1552663268,
            1937004113,
            -1537329655,
            474424394,
            -948670470,
            -1150010537,
            -1911696075,
            -1434045042,
            1466251316,
            489374553,
            -864784390,
            847206816,
            -7562257,
            1504687384,
            1517455209,
            2106908663,
            1847804114,
            -2060447022,
            -1753990313,
            -1502332073,
            -778566101,
            -1193723216,
            1898128905,
            -846839858,
            975253100,
            759558017,
            -1720428957,
            -763870751,
            1007426327,
            709218525,
            642016948,
            638316544,
            -1636543246,
            -832463347,
            -747341593,
            -814466217,
            1670753128,
            -983458291,
            -1837873839,
            -1317698554,
            423430093,
            430615846,
            423472375,
            429044122,
            429950998,
            430620949,
            430621788,
            74739706,
            176564299,
            423481123,
            74744080,
            421752664,
            432057835,
            423472429,
            431040178,
            422403769,
            429037669,
            430613038,
            427445533,
            430615225,
            423471025,
            423432388,
            423472483,
            642187922,
            423475399,
            421744024,
            423476857,
            429047875,
            431037316,
            423480502,
            429051520,
            423481960,
            423482689,
            423483418,
            421752043,
            429055165,
            423466678,
            39721577,
            421602625,
            426406735,
            430209199,
            423440434,
            423481258,
            423427339,
            429945328,
            420879484,
            423439732,
            423481285,
            237686075,
            431037397,
            421304545,
            423471862,
            423474778,
            430611715,
            423427474,
            36763484,
            141717674,
            36777335,
            594820659,
            422681789,
            43301940,
            423824861,
            175395362,
            423474212,
            423474941,
            423475670,
            431034671,
            427059434,
            432454034,
            175403381,
            421630571,
            175405568,
            176569052,
            421734845,
            424004951,
            420473756,
            430238711,
            423435683,
            429952214,
            430956776,
            423439328,
            39728544,
            432561413,
            433644707,
            423214175,
            422663780,
            429025034,
            433651997,
            423440894,
            423481718,
            175397792,
            430611392,
            421957433,
            421741649,
            421742378,
            429045500,
            423436574,
            421744565,
            427059704,
            421748210,
            430625972,
            423445322,
            431035697,
            422141168,
            430611446,
            430612175,
            432443423,
            359942146,
            421737329,
            422171084,
            423470891,
            43303722,
            430617278,
            432448526,
            433512137,
            430619465,
            432450713,
            432452900,
            432453629,
            433517240,
            421747535,
            430626026,
            433520885,
            432458732,
            432459461,
            432460190,
            420875678,
            431033564,
            431035751,
            419430827,
            423439598,
            430959962,
            431024924,
            422197463,
            420881618,
            431038775,
            421744808,
            420109688,
            433652321,
            426413351,
            426930995,
            422127021,
            429941901,
            423466923,
            429943359,
            421736277,
            423744672,
            429040128,
            423470568,
            421739193,
            421739922,
            423472755,
            195285409,
            429950649,
            424282674,
            432865920,
            430622787,
            424010028,
            429955023,
            423480045,
            429051063,
            423442137,
            429052521,
            423482961,
            429388590,
            423484419,
            422521437,
            421734846,
            421737033,
            422662863,
            433647435,
            433648164,
            433648893,
            36770857,
            425600004,
            426939177,
            430622085,
            611609567,
            175402680,
            430625001,
            430626459,
            421750155,
            429036537,
            423550812,
            420102669,
            423470649,
            430617765,
            430618494,
            420035601,
            430625784,
            430628700,
            424274763,
            423468489,
            430615605,
            426404172,
            423472134,
            424793811,
            422178159,
            423478695,
            426412191,
            421748049,
            426610479,
            421750236,
            421738599,
            430611285,
            423467085,
            430615659,
            423472188,
            421744458,
            430625865,
            430628781,
            421734279,
            423470757,
            421741569,
            421748859,
            422660136,
            429943575,
            430614255,
            430614984,
            430615713,
            430616442,
            423472242,
            430617900,
            430618629,
            430619358,
            430620087,
            429951594,
            429049092,
            423480990,
            423481719,
            429959613,
            423427071,
            423432903,
            433642575,
            421736547,
            430623786,
            430627431,
            430628889,
            423466491,
            195280603,
            430615794,
            426207531,
            421740219,
            420640887,
            35868625,
            431037156,
            423085953,
            430626000,
            429032406,
            421750425,
            423837552,
            423427152,
            430612176,
            423467976,
            429038994,
            176554797,
            426207558,
            430617279,
            421743162,
            421310865,
            423476724,
            421747536,
            430625298,
            433520886,
            423483285,
            423467274,
            423468003,
            430613661,
            39719257,
            421738815,
            40686640,
            421741731,
            430620222,
            421744647,
            423477480,
            423481125,
            429958290,
            430611501,
            424274304,
            423468030,
            421736655,
            426461304,
            426481716,
            423470946,
            421740300,
            426406629,
            423435954,
            421625847,
            421744674,
            421746861,
            423479694,
            421750506,
            422523273,
            430612311,
            430615956,
            430616685,
            430617414,
            430618872,
            430619601,
            430620330,
            421745484,
            430623975,
            423479775,
            421749129,
            423481962,
            430627620,
            421751316,
            430629807,
            421734576,
            611602736,
            431030784,
            423473970,
            423479073,
            423834096,
            429051549,
            36779335,
            433643547,
            423470352,
            430616739,
            430164759,
            423473997,
            175399521,
            421750641,
            430611663,
            430612392,
            423547653,
            421742649,
            420109689,
            433652322,
            430624056,
            423480585,
            1232251890,
            423482043,
            430628430,
            421752126,
            424785549,
            430612446,
            431035266,
            430624110,
            426415593,
            430627782,
            430612500,
            430617603,
            426132795,
            429952026,
            429049524,
            424881831,
            429626974,
            423427558,
            429042316,
            429043045,
            422528701,
            145741082,
            420483127,
            195286868,
            427314586,
            423478588,
            145746185,
            429050335,
            421748671,
            429051793,
            429957940,
            421751587,
            430611880,
            430613338,
            430614067,
            430615525,
            423472054,
            430617712,
            429123991,
            432982588,
            430622086,
            421746511,
            429052549,
            430628647,
            430611205,
            430618495,
            427432765,
            145744808,
            421751668,
            426401257,
            420478861,
            421742947,
            429048985,
            423479425,
            429050443,
            423480883,
            424274089,
            430613473,
            430615660,
            430617118,
            430620034,
            430625866,
            430627324,
            420473839,
            39719096,
            390353726,
            427319878,
            420480427,
            430207474,
            429049093,
            527725135,
            429054196,
            430612096,
            430625218,
            39716261,
            424785955,
            43300025,
            421736548,
            421737277,
            664984305,
            426068995,
            43305128,
            421742380,
            421743838,
            43309502,
            421746025,
            429049147,
            421747483,
            423834610,
            423225166,
            431709268,
            421750399,
            423483232,
            432990850,
            430117861,
            423466492,
            -1181420678,
            427777096,
            426400015,
            433506307,
            426401473,
            204126327,
            426403660,
            430616551,
            426405847,
            421743163,
            429047014,
            430622383,
            430623112,
            421748266,
            430626028,
            423422779,
            423423508,
            421751182,
            430628944,
            421752640,
            432049063,
            430617307,
            433649218,
            430618765,
            430620223,
            424007464,
            433516540,
            175403005,
            430626055,
            423268258,
            423428665,
            421736656,
            423569362,
            423472405,
            429044152,
            421940047,
            423830344,
            429047068,
            423477508,
            429049255,
            423482611,
            430611529,
            430612258,
            430613716,
            430615174,
            244846181,
            430616632,
            487746944,
            430618090,
            429044179,
            430619548,
            145742216,
            429046366,
            432452254,
            429953971,
            430625380,
            430626838,
            430627567,
            430628296,
            430629754,
            429036943,
            422660380,
            430613770,
            429039859,
            430615957,
            429042775,
            145742270,
            145742999,
            430249999,
            430626163,
            423482692,
            423998851,
            421737493,
            423432418,
            423472513,
            423829723,
            423436792,
            423477616,
            433516675,
            176564437,
            145743541,
            422536477,
            432065965,
            432442156,
            432442885,
            421932892,
            432444343,
            421737520,
            430616740,
            432447988,
            432448717,
            432450175,
            432450904,
            432451633,
            432453091,
            1100275082,
            432455278,
            432456007,
            432456736,
            430626946,
            429053035,
            432459652,
            594821930,
            430613851,
            594827762,
            430619683,
            430246435,
            430621141,
            421961350,
            430625515,
            420253303,
            514126710,
            36769940,
            429637018,
            430247920,
            430250836,
            429037078,
            430613905,
            424788466,
            430618279,
            430619008,
            424793569,
            145743863,
            421747078,
            430625569,
            430627756,
            423821839,
            421742002,
            430620493,
            429049498,
            421748563,
            430611772,
            430612501,
            430618333,
            430619062,
            429045151,
            430625623,
            430629268,
            -1452112011,
            432453253,
            422403314,
            429037214,
            421735550,
            422405501,
            422524328,
            421619639,
            425871896,
            425144354,
            139932411,
            422685437,
            429949193,
            427017155,
            424499189,
            433514732,
            426468947,
            432453308,
            422533805,
            426412085,
            426412814,
            422535992,
            426414272,
            429052523,
            427439246,
            423444326,
            423445055,
            423426857,
            426399719,
            426933347,
            176556689,
            176557418,
            423433418,
            423434876,
            423474971,
            429045989,
            423476429,
            423482990,
            423483719,
            426938477,
            427471376,
            432060431,
            430611206,
            423469193,
            39720447,
            423473567,
            443825826,
            422168684,
            423469220,
            426404903,
            244592193,
            421624121,
            423438845,
            423439331,
            423440060,
            421748051,
            611612566,
            423481613,
            431711294,
            430611287,
            430617119,
            423474377,
            423475106,
            1551014973,
            423478751,
            430625867,
            423482396,
            325324700,
            430611341,
            695370450,
            321509141,
            430617173,
            430617902,
            430619360,
            427057466,
            421746701,
            423479534,
            695381385,
            430620332,
            423997907,
            145737708,
            141919935,
            421740194,
            423473756,
            423475214,
            426409439,
            423478859,
            422696642,
            423466493,
            423467222,
            423469409,
            423470867,
            421740221,
            423474512,
            430623815,
            423481073,
            421318859,
            423467249,
            422406554,
            421620692,
            433512140,
            423474539,
            427785845,
            421743893,
            423476726,
            423477455,
            1551004227,
            423467276,
            430613663,
            421620719,
            145740705,
            423474566,
            421629467,
            427476776,
            423426479,
            423467303,
            424002389,
            1770314557,
            429949571,
            422273930,
            421625120,
            423476051,
            427057629,
            423441059,
            642198051,
            423466655,
            423467384,
            424276574,
            145740813,
            429044963,
            429047150,
            421747673,
            423482693,
            430629080,
            695368533,
            695375823,
            695377281,
            145745943,
            423479804,
            1551021858,
            423482747,
            430629134,
            432442184,
            430612394,
            429943901,
            325325051,
            1247521536,
            1232240228,
            429946088,
            145737978,
            427468217,
            423473297,
            422687435,
            429951191,
            423436847,
            427473320,
            427454366,
            429954836,
            423480587,
            423482774,
            145750371,
            427460927,
            421734659,
            422535830,
            423466790,
            430616093,
            429046556,
            1551016134,
            430624112,
            1551019050,
            430627757,
            430611746,
            430616120,
            430619765,
            430620494,
            430626326,
            430629242,
            430624166,
            423481424,
            432441645,
            432442374,
            432443103,
            432443832,
            432444561,
            432445290,
            421935297,
            423431934,
            432452580,
            433648869,
            433649598,
            432450393,
            432451851,
            432453309,
            432454038,
            432454767,
            432455496,
            661944107,
            432456954,
            432457683,
            432458412,
            430175913,
            423445056,
            33555241,
            432974571,
            432976029,
            421747971,
            423441438,
            432989151,
            432441699,
            292717834,
            40687102,
            426084144,
            423470679,
            292717888,
            423435687,
            1016465144,
            433642470,
            292713568,
            292721587,
            292722316,
            423478752,
            292715053,
            423432852,
            426940071,
            426415191,
            423466413,
            423473703,
            427017372,
            421959570,
            433652001,
            433658562,
            423445272,
            421734363,
            429047691,
            430625976,
            145751560,
            421616292,
            292719535,
            432982131,
            292722451,
            292724638,
            423441708,
            430611450,
            421617048,
            430612908,
            430613637,
            430614366,
            421619964,
            430615824,
            423471624,
            432979242,
            430618011,
            430618740,
            430619469,
            430620198,
            420110205,
            421941453,
            421627254,
            421627983,
            430623843,
            421629441,
            430625301,
            430626030,
            430626759,
            421632357,
            423227409,
            430628946,
            421634544,
            421950957,
            421619262,
            427309107,
            430618767,
            423440304,
            432443481,
            432447126,
            432452229,
            432453687,
            432454416,
            432455145,
            432442050,
            432442779,
            432443508,
            432444237,
            432444966,
            432445695,
            432446424,
            432447153,
            432447882,
            432448611,
            432449340,
            432450069,
            432450798,
            432451527,
            432452256,
            432452985,
            432453714,
            432454443,
            432455172,
            432455901,
            432456630,
            432457359,
            432458088,
            432458817,
            432459546,
            432460275,
            292716025,
            527716632,
            421960542,
            421134585,
            328463316,
            421747674,
            423466683,
            432454524,
            423481263,
            432445074,
            432446532,
            432450177,
            432450906,
            432451635,
            432453093,
            432453822,
            432455280,
            432456009,
            432456738,
            432458925,
            432459654,
            420474192,
            423471840,
            40768480,
            429951921,
            426417000,
            195277987,
            292717699,
            426937614,
            292722802,
            426607377,
            292719913,
        }
        m49{
            "001",
            "143",
            "419",
        }
        regionAliases{
            "062","034",
            "172","RU",
            "200","CZ",
            "230","ET",
            "280","DE",
            "532","CW",
            "582","FM",
            "736","SD",
            "830","JE",
            "886","YE",
            "890","RS",
            "AN","CW",
            "BU","MM",
            "CS","RS",
            "CT","KI",
            "DD","DE",
            "DY","BJ",
            "FQ","AQ",
            "FX","FR",
            "HV","BF",
            "JT","UM",
            "MI","UM",
            "NH","VU",
            "NQ","AQ",
            "NT","SA",
            "PC","FM",
            "PU","UM",
            "PZ","PA",
            "QU","EU",
            "RH","ZW",
            "SU","RU",
            "TP","TL",
            "UK","GB",
            "VD","VN",
            "WK","UM",
            "YD","YE",
            "YU","RS",
            "ZR","CD",
        }
        trie:bin{
001a6df03b5f74d99c77cecb77a88878
aeed79b8487a00186fc19d75957a647a
32e1d59ae838f5d91d6301e1adffead9
1d6d022a3e42d85cf74811616e01e2ab
b5f4abb00b4d26540f54d85ca3552a56
10ceabb310d3abb24dd872aa502a5310
d2abae02c1abadc6ababc8abac47f05c
b1473248d8728b4910c4aba901c2abb1
c6aba7754e776c7904e2d59ae7d91d69
ead91d6aeed91d6bf0d91d6c03e8d91d
64edd91d65eed91d66f9d91d6710e1d9
1d687263729673a24d740bf11af50cf5
d91d60f8d91d61f9d91d62f1d91d5df3
d91d5ef4d91d5fed0cedd91d5aeed91d
5bf0d91d5ce5d91d57e7d91d58ecd91d
5904e7d91d4feed91d50efd91d51f0d9
1d52f3d91d5303e1d91d54edd8324ff2
d91d55f5d91d566f30706a7110e5d91d
4e06ef10efd91d30f1d91d31f2d91d32
f3d91d33e3d91d2ee8d91d2fedd91c97
0019ee3af41ef710f7d91d4af8d91d4b
f9d91d4cfad91d4df4d91d47f5d91d48
f6d91d49f10cf1d91d44f2d91d45f3d9
1d46eed91d41efd91d42f0d91d43e71e
ea10ead91d3debd91d3eecd91d3fedd9
1d40e7d91d3ae8d91d3be9d91d3ce40c
e4d91d37e5d91d38e6d91d39e1d91d34
e2d91d35e3d91d3668c1076cad6c506d
826e04e1d91d29e5d91d2ae7d91d2beb
d91d2cf3d91d2d05ee0ceed91d0cf1d9
1d0df5d91d0ee1d91d09ead91d0aedd9
1d0b0019ee3af41ef710f7d91d25f8d9
1d26f9d91d27fad91d28f4d91d22f5d9
1d23f6d91d24f10cf1d91d1ff2d91d20
f3d91d21eed91d1cefd91d1df0d91d1e
e71eea10ead91d18ebd91d19ecd91d1a
edd91d1be7d91d15e8d91d16e9d91d17
e40ce4d91d12e5d91d13e6d91d14e1d9
1d0fe2d91d10e3d91d11686669846b07
f00ff0d91d06f4d58df5d91d07fad91d
08e1d91d05e2b952e4b7d3efd91be303
e4d91cfae9d91cfbeed91cfcf7d91cfd
07ee0feed91d02f2cd2cf7d91d03fad9
1d04e1d91cfeebd91cffecd91d00edd9
1d016439645a65606705ed0cedd91cf7
eed91cf8f2d91cf9e1d91cf5e2d91cf6
e8d5dc10ead91cef04e1d91cf0e7d91c
f1e8d91cf2edd91cf3eed91cf4613a62
a27a6301e1d91cede8d91cee0017ef36
f51af80cf8d91ce4f9d91ce5fad91ce6
f5d91ce1f6d91ce2f7d91ce3f20cf2d9
1cdef3d91cdff4d91ce0efd91cdcf0d9
1cd8f1d91cdde71aea0cead91cd9ebd9
1cdaedd91cdbe7d91cd6e8d91cd7e9d9
1cd8e40ce4d91cd3e5d91cd4e6d91cd5
e1d91cd0e2d91cd1e3d91cd205f40cf4
d91ceaf5d91cebf7d91cece1d91ce7e3
d91ce8e5d91ce900186dc1bc749c782a
78307936e1d775efd53610f7d91b3c05
ee0ceed91b40f2d91b41f9d91b42e2d9
1b3de9d91b3eedd91b3f7450758a7704
e1d91b37e2d91b38efd91b39f2d91b3a
f7d91b3b06e910e9d91b27ebd91b28ed
d91b29f7d91b2ae2d91b24e6d91b25e8
d91b260bf21af60cf6d91b34f8d91b35
f9d91b36f2d91b31f4d91b32f5d91b33
ec0cecd91b2eedd91b2feed91b30e1d9
1b2be2d91b2ce4d91b2d7073706c7272
7307f210f2d91b20f3d91b21f5d91b22
f6d91b23e1d91b1ce7d91b1de9d91b1e
ebd91b1f10e3d91b0c0ff022f610f6d9
1b18f7d91b19f8d91b1afad91b1bf0d9
1b14f2d91b15f3d91b16f5d91b17eb0f
ebd91b11ecd91b12edd91b13efd5eee2
d91b0de7d91b0ee8d91b0fe9d91b106d
a2446ea2726f0ee922ef10efd91b08f2
d91b09f3d91b0af7d91b0be9d91b04eb
d91b05edd91b06eed91b07e410e4d91b
00e5d91b01e6d91b02e7d91b03e1d7fd
e2d7fee3d7ff0ded17f30cf3d7edf4d7
eef7d7eff8d7f0edd7eaeed7ebefd7ec
e40ce4d7e6e5d7e7e8d7e8e9d7e9e1d7
e3e2d7e4e3d7e50ded17f00cf0d7faf5
d7fbf7d7fcf9b18cedd7f8eec178efd7
f9e50ce5d7f4e7d7f5e9d7f6ebd7f7e2
d7f1e3d7f2e4d7f367b56a4a6a826b8c
6c0cef17f50cf5d7dff6d7e0f7d7e1f8
d7e2efd7dcf2d7ddf3d7dee809e8d7d9
e9d7daedd7dbe1d7d6e5d7d7e7d7d801
e1d7cfe9d7d004e1d7d1e4d7d2f2d7d3
f7d7d4f9d7d5679e68a257690010eb1d
f20ff2d7cbf5d7ccf6d7cdf7c72cf9d7
ceebd7c7ecd7c8edd7c9eed7cae70ce7
d7c3e8d7c4e9d7c5ead7c6e2d7bfe3d7
c0e5d7c1e6d7c207ef0cefd7b8f5d7b9
f7d7b5f9d7bae1d7b4e2d7b5e7d7b6e9
d7b703e1d7bbe7d7bcebd7bdf5d7be64
52642e655a6610e7d7b306eb0cebd7a3
f4d7a4f5d7a5f9d7a6e4d7a0e7d7a1ea
d7a20def17f30cf3d7aff4d7b0f5d7b1
f7d7b2efd19ef0d7adf2d7aee80ce8d7
aae9d7abecad83edd7ace3d7a7e4d7a8
e7d7a9613662a2606301e1d79ee9d79f
0017ee2af514f809f8d78bf9d78cfad7
8df5d788f6d789f7d78af209f2d785f3
d786f4d787eed782f0d783f1d784e714
ea09ead77fecd780edd781e7d77ce8d7
7de9d77ee409e4d779e5d77ae6d77be1
d776e2d777e3d7780fec1af20cf2d79a
f4d79bf6d79cf7d79decd796edd797f0
d798f1d799e80ce8d792e9d793ead794
ebd795e1d78ee2d78fe5d790e6d79100
186ec25b75b67847783079567a90e8d9
1b7204e2d91c11ebd91c12edd91c13f2
d91c14f4d91c1506eb10ebd91c19ecd9
1c1af4d91c1bf9d91c1ce1d91c16e2d9
1c17ead91c1801e8d91c1df0d91c1e75
7e76a2537709ec14ecd91c0cefd91c0d
f2d91c0ef4d91c0ff7d91c10e1d91c07
e4d91c08e5d91c09ead91c0aebd91c0b
08ed14edd91bfdeed91bfeefd91bfff4
d91c00f5d91c01e2d91bf9e4d91bfaea
d91bfbecd91bfc04e5d91c02e9d91c03
eed91c04efd91c05f3d91c0672c0d472
a25873a28b740012ed2af414f4d91bf4
f5d91bf5f6d91bf6f7d91bf7f9d91bf8
edd91befeed91bf0f0d91bf1f1d91bf2
f3d91bf3e514e5d91beae8d91bebe9d9
1becead91bedecd91beee1d91be6e2d9
1be7e3d91be8e4d91be90bed19f20cf2
d91bd7f5d91bd8f7d91bd9edd91bd5ee
d91bd6f1af2fe50ce5d91bd2e7d91bd3
e9d91bd4e1d91bcfe2d91bd0e4d91bd1
0fed22f210f2d91be2f3d91be3f5d91b
e4f9d91be5edd91bdeeed91bdff0d91b
e0f1d91be1e80ee8d91bdce9d91bddea
cf75ecadcde1d5d1e2d91bdae4d5d4e5
d91bdb6ea2606fa295700014ec2ff219
f70cf7d91bccf8d91bcdfad91bcef2d5
cff4d91bcaf6d91bcbecd91bc5edd91b
c6eed91bc7efd91bc8f1d91bc9e714e7
d91bc0e8d91bc1e9d91bc2ead91bc3eb
d91bc4e1d91bbce2d91bbde4d91bbee5
b9efe6d91bbf0cee1cf40ef4c184f5d9
1baff9c395fad91bb0eed91bacf1d91b
adf2d91baeea0cead91ba9ebd91baaed
d91babe1d5c6e2d91ba7e9d91ba80aed
1af00cf0d91bb9f2d91bbaf7d91bbbed
d91bb6eed91bb7efd91bb8e3d91bb1e4
d91bb2e7d91bb3e9d91bb4ebd91bb568
c10c6bc0d56ba2606ca2c06d0014ef2f
f51af80cf8d91ba4f9d91ba5fad91ba6
f5d91ba1f6d91ba2f7d91ba3efd91b9d
f0d91b9ef1d91b9ff2d5bef4d91ba0e7
13e7d91b99e8d91b9aead91b9bedd91b
9ceed5bbe1d91b94e2d91b95e3d91b96
e4d91b97e6d91b980015f030f51af80c
f8d91b8ff9d91b90fad91b91f5d91b8c
f6d91b8df7d91b8ef0d91b87f1d91b88
f2d91b89f3d91b8af4d91b8be619ea0c
ead91b84ecd91b85eed91b86e6d91b82
e7d91b83e8d78ae1d91b7de2d91b7ee3
d91b7fe4d91b80e5d91b8103e1d91b92
e3d5b7e4d5b8f9d91b936838694e6a01
e2d91b7bf4d91b7c02e5d91b73edd91b
74f6d91b7505f20cf2d91b78f3d91b79
f9d91b7ae193e9d91b76eed91b776458
6464658a6706e910e9d91b6eedd91b6f
f5d91b70f7d91b71e2d91b6be4d91b6c
e7d91b6d04e1d91b5febd91b60efd91b
61f1d91b62f9d91b6306f210f2d91b67
f3d91b68f4d91b69f5d91b6ae4d91b64
e7d91b65edd91b66613c62a2566302e8
abffefd55ef2d55d0010ee26f414f4d9
1b4ef5d91b4ff6d91b50f7d91b51f9d9
1b52eed91b4aefd91b4bf2d91b4cf3d9
1b4dea10ead91b46ebd91b47ecd91b48
edd91b49e1d91b43e2d91b44e7d54ae9
d91b450cea1ef010f0d91b5bf2d91b5c
f7d91b5df9d91b5eead91b58edd91b59
eed91b5ae50ce5d91b55e7d91b56e9d9
1b57e1ab63e2d91b53e4d91b5400166e
c179765c7912792ee9b735efd91c8f01
f2d91ccef5d91ccf765c776a7805ed0c
edd91ccbf5d91cccf9d91ccde1d91cc8
e7d91cc9ecd91cca01e1d91cbff4d91c
c006f110f1d91cc4f2d91cc5f5d91cc6
f7d91cc7e1d91cc1e7d91cc2eed91cc3
739673a26f74a287750013ed2af414f4
d91cbbf5d91cb2f7d91cbcf8d91cbdfa
d91cbeedd91cb6eed91cb7f0d91cb8f1
d91cb9f2d91cbae614e6d91cb1e7d91c
b2e9d91cb3ead91cb4ecd91cb5e1d91c
abe2d91cace3d91cade4d91caee5012a
304812616ef3d91cb0012ad91caf4310
ced91cb005f20cf2d91ca6f3d91ca7f9
d91ca8e4d91ca3eed91ca4f0d91ca501
f7d91ca9f9d91caa6e7e6fa2537209ed
14edd91c6befd91c9ff3d91ca0f7d91c
a1f9d91ca2e1d91c9ae2d91c9be5d91c
9cebd91c9decd91c9e08eb14ebd91c8b
ecd91c8cf1d91c51f3d91c8df5d91c8e
e1d91c87e2d91c88e4d91c89e7d91c8a
09ed14edd91c95eed91c96f3d91c97f4
d91c98f9d91c99e2d91c90e7d91c91e9
d91c92ebd91c93ecd91c9467c0df6b7e
6b7c6ca2526d09ed13edd91c83eed91c
84efd91c85f0d91c86f4c303e2d91c7e
e5d91c7fe7d91c80ebd91c81ecd91c82
08eb14ebd91c70edd91c71efd91c72f2
d91c73f9d91c74e1d91c6ce7d91c6de8
d91c6ee9d91c6f08e914e9d91c79ecd9
1c7af2d91c7bf5d91c7cf9d91c7de1d9
1c75e2d91c76e5d91c77e7d91c78678a
68a255690aec1af30cf3d91c69f6d91c
6af9d91c6becd91c66edd91c67f2d91c
68e1d91c61e7d91c62e8d91c63e9d91c
64ead91c6507f010f0d91c5cf2d91c5d
f5d91c5ef7d91c5fe1d91c58e9d91c59
ecd91c5aedd91c5b10e4d91c6061a245
62a2b963a2f064a2fa650cee1ef410f4
d91c54f5d91c55f6d91c56f9d91c57ee
d91c51f2d91c52f3d91c53e90ce9d91c
4eead91c4fecd91c50e1d91c4be3d91c
4ce5d91c4d0019ee3af41ef710f7d91c
34f8d91c35f9d91c36fad91c37f4d91c
31f5d91c32f6d91c33f10cf1d91c2ef2
d91c2ff3d91c30eed91c2befd91c2cf0
d91c2de71dea0fead91c28ebd91c29ec
d91c2aedbba6e7d91c25e8d91c26e9d9
1c27e40ce4d91c22e5d91c23e6d91c24
e1d91c1fe2d91c20e3d91c210cea1eee
10eed91c40efd91c41f8d91c42f9d91c
43ead91c3decd91c3eedd91c3fe50ce5
d91c3ae8d91c3be9d91c3ce1d91c38e2
d91c39e4ab8202ecd91c44eed91c45f2
d91c4604e1d91c47e4b735e5d91c48e7
d91c49ebd91c4a74a45675b288760011
6e46751b75367746e5d733e9d545efd7
6902edd771eed772f4d77310e1d7746e
326f42724c7410efd77002ebd766edd7
67f0d76801f2d76af4d76b03e1d76cef
d76df3d76ef4d76f69a769a2586aa270
6ba2716ca2946d0015ec25f314f809f8
d763f9d764fad765f3d760f5d761f7d7
62ecd75bedd75cf0d75df1d75ef2d75f
e614e909e9d758ead759ebd75ae6d755
e7d756e8d757e1d750e2d751e3d752e4
d753e5d75407ec0cecd73eeed73ff4d7
40f6d741e3d73ae4d73be6d73ce7d73d
10ebd7420aee14f409f4d74bf5d74cfa
d74deed748efd749f0d74ae1d743ead7
44ebd745ecd746edd74701f0d74ef3d7
4f613662a24365a2476710f2d7390010
ed1df20ff2d72cf3d72df5d72ef6d72f
f9d730edd728eed729efd72af0d72be8
0ce8d726e9d5e4eab1d2ecd727e1d722
e5d723e6d724e7d72501e2d731ebd732
04e3d734edd735efd736f0d737f2d738
002775c18ce920f20ff2d301f3d31af4
d32cf7a3bcf9d385e9d157ebd177ecd1
8aeed1b8efd1ce7a387a36e1cfb9e5d1
11e756e8d14506ed0cedd398eed399ef
d39af8d39be8d395ead396ecd397012a
2e41127261e2d12f012ad12e5010cbd1
2f75a24176a28777a2b578a2f3790ff2
1af60cf6d391f8d392f9d393fad394f2
d38df3d38ef4d38ff5d390ea0cead1af
ecd38aeed38bf0d38ce1d386e5d387e8
d388e9d3890014ec25f314f809f8d355
f9d356fad357f3d352f5d353f6d354ec
d34dedd34eeed34fefd350f1d351e60f
e6d348e7d349e8d34ae9d34bead34ce1
d343e2d344e3d345e4d346e5d3470dee
17f40cf4d361f5d362f7d363f8d364ee
d35eefd35ff3d360e90ce9d35aebd35b
ecd35cedd35de1d358e4bbb3e5d35900
12ee20f40ff4d372f5d373f7d374f8d3
75f9d376eed36defd36ef0d36ff1d370
f2d371e60fe6d369e7d36ae8d36becd3
6cedd17ee1d365e2d366e4d367e5d368
0def17f40cf4d381f5d382f8d383f9d3
84efd37ef1d37ff3d380e90ce9d37aea
d37bedd37ceed37de1d377e5d378e7d3
796bc2e870c15870a25d71a29e72a2b9
73a40e740016ee2af414f709f7d340f9
d341fad342f4d33df5d33ef6d33ff109
f1d1a8f2d33bf3d33ceed338efd339f0
d33ae814eb09ebd335ecd336edd337e8
d332e9d333ead334e2d32de3d32ee4d3
2fe5d330e6d3310013ee20f60ff6d1f4
f7d1eff8d1f5f9d1f6fad1f7eed1eff0
d1f0f2d1f1f4d1f2f5d1f3e90fe9d1ea
ead1ebebd1ececd1ededd1eee1d1e5e3
d1e6e5d1e7e6d1e8e7d1e908ef0fefd1
fcf0d1fdf4d1fef5d1fff7d300e2d1f8
ecd1f9edd1faeed1fb0017ef2af514f8
09f8d317f9d318fad319f5d314f6d315
f7d316f209f2d311f3d312f4d313efd3
0ef0d30ff1d310e814ec09ecd30bedd3
0ceed30de8d308e9d309ead30ae509e5
d305e6d306e7d307e1d302e2d303e3d3
040011ec1df50ff5d327f6d328f7d329
f8d32afad32becd323f0d324f2d325f4
d326e60fe6cfc1e7d31fe8d320e9d321
ead322e1d31be2d31ce3d31de4d31e6b
a2586ca2936da2de6ea4336f0015ef25
f514f809f8d1e2f9d1e3fad1e4f5d1df
f6d1e0f7d1e1efd1daf0d1dbf1d1dcf2
d1ddf3d1dee814eb09ebd1d7ecd1d8ed
d1d9e8d1d4e9d1d5ead1d6e2d1cfe3d1
d0e4d1d1e6d1d2e7d1d30011f11df50f
f5d185f6d186f7d187f8d188fad189f1
d181f2d182f3d183f4d184e60fe6d17c
e7d17debd17eecd17ff0d180e1d178e2
d179e4d17ae5d17b0015ee25f414f709
f7d19ef8d19ff9d1a0f4d19bf5d19cf6
d19deed196f0d197f1d198f2d199f3d1
9ae714eb09ebd193ecd194edd195e7d1
90e9d191ead192e1d18be2d18ce3d18d
e4d18ee6d18f0017ed2af414f709f7d1
b5f9d1b6fad1b7f4d1b2f5d1b3f6d1b4
f009f0d1aff1d1b0f2d1b1edd1aceed1
adefd1aee714ea09ead1aaebd101ecd1
abe7d1a7e8d1a8e9d1a9e409e4d1a4e5
d1a5e6d1a6e1d1a1e2d1a2e3d1a30015
ee25f314f709f7d1cbf8d1ccf9d1cdf3
d1c8f4d1c9f6d1caeed1c3efd1c4f0d1
c5f1d1c6f2d1c7e714eb09ebd1c0ecd1
c1edd1c2e7d1bde8d1bee9d1bfe1d1b9
e2d1bae3d1bbe4d1bce5b78866c11e66
7e679a68a28869a2c66a0aee14f309f3
d174f5d175f7d176eed171efd172f0d1
73e1d16ce7d16de9d16eead16fecd170
04e9d129eed12aefd12bf2d12cf4d12d
0015ef25f514f809f8d142f9d143fad1
44f5d13ff6d140f7d141efd13af0d13b
f1d13cf3d13df4d13ee614e909e9d137
ead138eed139e6d135e7a7cee8d136e1
d130e2d131e3d132e4d133e5d1340012
f120f60ff6d154f7c795f8b728f9d155
fad156f1d14ff2d150f3d151f4d152f5
d153e90fe9d14aebd14becd14cedd14d
f0d14ee4d146e5d147e6d148e8d14900
15ee25f414f709f7d169f8d16af9d16b
f4d166f5d167f6d168eed161efd162f0
d163f1d164f3d165e814eb09ebd15eec
d15fedd160e8d15be9d15cead15de2a9
3be3d158e4b5e2e6d159e7d15a61a25d
62a2a863a2f864a43e650016ef2af514
f809f8d126f9d127fad128f5d123f6d1
24f7d125f209f2d120f3d121f4d122ef
d11df0d11ef1d11fe714eb09ebd11aed
d11beed11ce7d117e8d118e9d119e1d1
12e2d113e3d114e4d115e5d1160015ef
25f514f809f8cfcdf9cfcefacfcff5cf
caf6cfcbf7cfccefcfc5f0cfc6f1cfc7
f2cfc8f3cfc9e614eb09ebcfc2eccfc3
eecfc4e6cfbfe7cfc0eacfc1e1cfbae2
cfbbe3cfbce4cfbde5cfbe0016ed2af5
14f809f8cfe4f9cfe5facfe6f5cfe1f6
cfe2f7cfe3f009f0cfdef3cfdff4cfe0
edcfdbeecfdcefcfdde714ea09eacfd8
ebcfd9eccfdae7cfd5e8cfd6e9cfd7e1
cfd0e3cfd1e4cfd2e5cfd3e6cfd40014
ed25f314f809f8cff9f9cffafacffbf3
cff6f5cff7f7cff8edcff1eecff2efcf
f3f0cff4f1cff5e60fe6cfece7cfede8
cfeee9cfefebcff0e1cfe7e2cfe8e3cf
e9e4cfeae5cfeb0015ed25f314f609f6
d10ef8d10ff9d110f3d10cf4d10df5af
70edd107eed108efd109f1d10af2d10b
e714ea09ead104ebd105ecd106e7d101
e8d102e9d103e1cffce2cffde3cffee4
cfffe5d100001a6fc101775ae72ce742
ebd3bbf2d52cfa012a8a41127261e2d7
1f012a2e43127972ecd3af022ad3ae4b
2a4d10ced3b010dad3af776479687a01
ee26f3d721012a2e41127261e2d71f02
2ad543412a4310ced72010c6d71f10e1
d71d10e1d71e7345733e746a75907602
e5d71ae8d71becd71c06eb0cebd70ff0
d710f3d711f5d712e1d70ce8d70de9d7
0e05f009f0d715f2d716f5d717e1d713
e5d714e8af7901edd718f2d7196fa24d
70a251720014ee25f514f809f8d709f9
d70afad70bf5d706f6d707f7d708eed7
01efd702f0d703f2d704f4d705e70fe7
d5fce8d5fde9d5feebd5ffedd700e1d5
f7e2d5f8e3d5f9e5d5fae6d5fb01ebaf
d0eed5f401e9d5f5f6d5f668c0dc6bc0
c26ba2436ca2666da28e6e0bee25f509
f5d5f1f8d5f2fad5f3eed5edf0d5eef2
012a2e44126576e1d5f0012ad5ef4e10
d0d5f0e909e9d5eaebd5ebedd5ece1d3
dce5d5e8e7d5e90af014f609f6d3c4f7
d3c5f9d3c6f0d3c1f1d3c2f5d3c3e1d3
bce7d3bde8d3bee9d3bfebd3c00beb14
f509f5d3d0f7cf77f9d3d1ebd3cdedd3
ceeed3cfe509e5d3cae6d3cbe9d3cce1
d3c7e2d3c8e3d3c90bee14f209f2d3da
f3d3dbf5adcbeed3d7efd3d8f0d3d9e7
09e7d3d5e9cfb1edd3d6e1d3d2e2d3d3
e4d3d4682e69386a10e9d3ba01e1d3b6
eed3b701f3d3b8f6d3b9651d6546664a
6704e1d3b1e2d3b2e5d3b3e8d3b4efd3
b510f3d3ac10e9d3ad615c62666407ea
0cead3a8ecd3a9edd3aaf5d3abe1d3a4
e5d3a5e7d3a6e9d3a701edd39cf2d39d
05f209f2d3a1f5d3a2f9d3a3e1d39ee9
d39fecd3a070cf3870b02171ba3572ba
fe73002b77c11aec25f214f509f5cf6e
f6cf81f7cf88f2aeb6f3cf41f4cf56ec
cdc5edcdd6eecdebefcf00f1a3d2e336
e709e7cd5fe9cd88ebcdace3cd19e426
e5cd43032a3644444b4c5312696ee4cd
32012acd2f4910cecd30126576e1cd30
12686feacd31773878a24a79a25f7aa2
8ae1abf60012f020f50ff5cf96f6cf97
f7cf98f8cf99f9cf9af0cf91f1cf92f2
cf93f3cf94f4cf95e90fe9cf8ceacf8d
ebcf8eedcf8fefcf90e2cf89e6cf8ae7
cf8be8cf8806f20cf2cf9ef3cf9ff5cf
a0f7cfa1e2cf9be5cf9ceecf9d0ced17
f20cf2abedf3cfabf7cfacf8cfadedcf
a8eecfa9efcfaae909e9cfa5ebcfa6ec
cfa7e1cfa2e2cfa3e3cfa40aec14f609
f6cfb6f7cfb7f9cfb8eccfb3eecfb4f0
cfb5e1cfaee2cfafe3cfb0e4cfb1e7cf
b26cc2d771c17374bb745275a2757605
e509e5cf85edcf86f3cf87e1cf82e2cf
83e3cf840015ee36f325f609f6cf6bf7
cf6cf9cf6df3cf67f4cf68f5012a2e54
12616ce5cf6a012acf694310cecf6aee
cf62efcf63f0cf64f1cf65f2cf66e814
eb09ebcf5feccf60edcf61e8cf5ce9cf
5deacf5ee1cf57e2cf58e5cf59e6cf5a
e7cf5b0012ed20f40ff4cf7cf6cf7df7
cf7ef9cf7ffacf80edcf77efcf78f1cf
79f2cf7af3cf7be70fe7cf73e9cf74ea
cf75ebcf76eccd63e1cf6fe2cf70e3cf
71e5cf7271a24872a25d730013ee20f5
0ff5cf51f6cf52f8cf53f9cf54facf55
eecf4cefcf4df1cf4ef3cf4ff4cf50e7
0fe7cf47e8cf48eacf49eccf4aedcf4b
e2cf42e3cf43e4cf44e5cf45e6cf4606
ef0cefcf28f1cf29f4cf2af5cf2be1cf
26e8cf27edadca0016ee2af514f809f8
b3e8f9cf3ffacf40f5cf3cf6cf3df7cf
3ef209f2cf39f3cf3af4cf3beecf36ef
cf37f1cf38e714eb09ebcf33eccf34ed
cf35e7cf30e8cf31e9cf32e1cf2ce2cf
2de3cd19e5cf2ee6cf2f6ca2486da280
6ea2c66fa411700011ee1df20ff2cf22
f3cf23f4cf24f6cf25f9b98feecf1eef
cf1ff0cf20f1cf21e70fe7cf19e9cf1a
ebcf1beccf1cedcf1de2cf15e3cf16e4
cf17e5cf180010ee1df50ff5cdd1f7cd
d2f8cdd3f9cdd4facdd5eecdceefcdac
f0cdcff2cdd0e90ce9cdcaeacdcbeccd
ccedcdcde3cdc6e4cdc7e7cdc8e8cdc9
0014ee25f414f809f8cde8f9cde9facd
eaf4cde5f5cde6f7cde7eecde0f0cde1
f1cde2f2cde3f3cde4e70fe7cddbe8cd
dceacdddebcddeeccddfe1cdd7e2cdd8
e3cdd9e4b99ee6cdda0015ef25f514f8
09f8cdfef9cdfffaa568f5cdfbf6cdfc
f7cdfdefcdf6f0cdf7f1cdf8f2cdf9f3
cdfae914ec09eccdf3edcdf4eecdf5e9
cdf0eacdf1ebcdf2e2a7f8e3cdece5cd
ede6cdeee7cdef0013f020f60ff6cf10
f7cf11f8cf12f9cf13facf14f0cf0bf1
cf0cf2cf0df3cf0ef5cf0fe70fe7cf06
e9cf07ebcf08eccf09efcf0ae1cf01e2
cf02e3cf03e4cf04e5cf0566c18369c0
de69a25f6aa2aa6b0018ee2df417f70c
f7cdc1f8cdc2f9cdc3facdc4f4cdbef5
cdbff6cdc0f109f1cdbbf2cdbcf3cdbd
eecdb8efcdb9f0cdbae714ea09eacdb6
ebb728edcdb7e7cdb3e8cdb4e9cdb5e4
09e4cdb0e5cdb1e6cdb2e1cdade2cdae
e3cdaf0015ed25f514f809f8cd9cf9cd
9dfacd9ef5cd99f6cd9af7cd9bedcd94
f0cd95f1cd96f2cd97f3cd98e714ea09
eacd91ebcd92eccd93e7cd8ee8cd8fe9
cd90e1cd89e2cd8ae4cd8be5cd8ce6cd
8d0cec17f20cf2cda8f4cda9f5cdaaf7
cdabeccda5edcda6f0cda7e409e4cda2
e5cda3e7cda4e1cd9fe2cda0e3cda166
a25767a25e680016ee2af414f709f7cd
85f9cd86facd87f4cd82f5cd83f6cd84
f109f1cd7ff2cd80f3cd81eecd7cefcd
7df0cd7ee714ea09eacd79ebcd7aedcd
7be7cd76e8cd77e9cd78e1cd71e2cd72
e3cd73e4cd74e5cd7502e5cd5cedcd5d
f7cd5e0011ed1df40ff4cd6cf5cd6df7
cd6ef9cd6ffacd70edcd68f0cd69f2cd
6af3cd6be50fe5cd64e8cd65e9cd66ea
cd67ecb5d9e1cd60e2cd61e3cd62e4cd
6361a26262a2ad63a40564a458650017
ee2af414f709f7cd59f9cd5afacd5bf4
cd56f5cd57f6cd58f109f1cd53f2cd54
f3cd55eecd50efcd51f0cd52e714ea09
eacd4debcd4eeccd4fe7cd4ae8cd4be9
cd4ce409e4cd47e5cd48e6cd49e1cd44
e2cd45e3cd460015f025f514f809f8cb
fdf9cbfefacbfff5cbfaf6cbfbf7cbfc
f0a549f1cbf6f2cbf7f3cbf8f4cbf9e6
14eb09ebcbf3edcbf4efcbf5e6cbf0e8
cbf1eacbf2e1cbebe2cbece3cbede4cb
eee5cbef0018ee2df417f70cf7cd15f8
cd16f9cd17facd18f4cd12f5cd13f6cd
14f109f1cd0ff2cd10f3cd11eecd0cef
cd0df0cd0ee814eb09ebcd09eccd0aed
cd0be8cd06e9cd07eacd08e409e4cd03
e5cd04e7cd05e1cd00e2cd01e3cd0200
12ee20f40ff4cd2af5cd2bf6cd2cf7cd
2df8cd2eeecd26efcd27f0cd28f2b527
f3cd29e70fe7cd21e8cd22e9cd23ebcd
24eccd25e2cd1ae32ce5cd1fe6cd2022
032acd1b4d2e52325410d2cd1e10c5cd
1c10cfcd1d0feb1af20cf2cd3ff3cd40
f5cd41f8cd42ebcd3beecd3cefcd3df1
cd3ee60ce6cd37e7cd38e8cd39eacd3a
e1cd33e2cd34e3cd35e5cd36001d70c1
bb788ee94fe932ecc984f3c91ff4c9fa
042a3a447a4d82538a54126861e9c964
054c114c2e4d325410c8c96410cbc963
10cdc9612ac960422a4910cec96210d5
c961126576e1c96212796df2c9611269
6ee8c963785079547a7ae1012a2e4112
7261e2c7f8012ac7f75010cbc7f810ed
cb2005f509f5cb24f8cb25f9cb26e5cb
21edcb22eecb2302e5cb27e8cb28eecb
2973af736474a24575a2637707ee0cee
cb1cefcb1df2cb1ef7cb1fe1cb18e2cb
19e7cb1aedcb1b0aee14f409f4c9f7f5
c9f8f7c9f9eec9f4f1c9f5f3c9f6e1c9
efe5c9f0e8c9f1e9c9f2edc9f309f00f
f0cb00f2cb01f4cb02f5cb03f6cb04e1
c9fbe8c9fce9c9fdeec9feefc9ff0013
ef20f50ff5cb14f7cb15f8cb16f9cb17
facb06efcb0ff0cb10f1cb11f2cb12f4
cb13e60fe6cb0ae7cb0be9cb0ceacb0d
edcb0ee1cb05e2cb06e3cb07e4cb08e5
cb0970a24271a26d720011ef1df40ff4
c9ebf5c9ecf7c9edf8c9eef9c9ebefc9
e8f0b36cf1c9e9f2c9eae70fe7c9e3e8
c9e4e9c9e5ebc9e6edc9e7e3c9dfe4c9
e0e5c9e1e6c9e20cee17f10cf1c9daf2
bd24f3c9dbf4c9dceec9d7efc9d8f0c9
d9eb09ebc9d4ecc9d5edc9d6e1a77ae5
c9d2e9c9d301e1c9ddedc9de68c1f76c
c14d6ca2426da27d6ea2c86f0010ee1d
f30ff3c9cdf4c9cef6c9cff7c9d0f9c9
d1eec9c9efc9caf0c9cbf1c9cce80ce8
c9c5e9c9c6ebc9c7edc9c8e3c9c1e5c9
c2e6c9c3e7c9c40011ee1df40ff4bfc7
f5b911f6c992f7c993fac994eec98eef
c98ff2c990f3c991e50fe5c989e7c98a
e8c98bebc98cecc98de1c985e2c986e3
c987e4c9880015ee25f414f809f8c9a6
f9c9a7fac9a8f4c9a4f5c95bf7c9a5ee
c99fefc9a0f1c9a1f2c9a2f3c9a3e614
ea09eac99cecc99dedc99ee6c999e8c9
9ae9c99be1c995e2c996e3b550e4c997
e5c9980016ed53f33df709f7c9bef9c9
bffac9c0f3c9b9f426f6c9bd022a3243
5e4c126174eec9bc042ac9ba31325238
53345410d2c9bc1137b2c9bb10d5c9bb
127972ecc9bbf009f0c9b6f1c9b7f2c9
b8edc9b3eec9b4efc9b5e714ea09eac9
b0ebc9b1ecc9b2e7c9ade8c9aee9c9af
e1c9a9e2bbfbe3c9aae4c9abe5c9ac68
6a69a2506aa29b6b08ee0feec97fefc9
80f0c981f2c982f5c983e1c97be2c97c
e7c97de8c97e0cee17f40cf4c95cf5c9
5df6c95ef7c95feec959efc95af2c95b
eb09ebc956ecc957edc958e4c953e7c9
54e8c9550015ef25f514f809f8c977f9
c978fac979f5c974f6c975f7c976efc9
6ff0c970f2c971f3c972f4c973e714ec
09ecc96cedc96deec96ee7c96ae8c96b
eaad25e1c965e2c966e3c967e4c968e6
c96910f4c97a64836468658e66a27267
08eb0febc94eecc94feec950f3c951f5
c952e1c94ae4c94be7c94ce9c94d05ef
09efc934f4c935f5c936e1c931e3c932
eec9330011ef1df30ff3b119f6c943f8
c944f9c945fac946efc940f0c941f1c9
42f2b119e70fe7c93be9c93cebc93dec
c93eedc93fe1c937e2c938e4c939e5c9
3a02e1c947e5c948ecc949619662a295
630fe91aee0ceec92ef0c92ff2a357f7
c930e9c92aeac92bebc92cedc92de50c
e5c926e6c927e7c928e8c929e1c922e2
c923e3c924e4c9250016ef2af514f809
f8c90df9c90efac90ff5c90af6c90bf7
c90cf209f2c908f3c909f4bbbdefc905
f0c906f1c907e71eeb13ebc901ec26ed
c904012ac9025012686cf0c903e7c7fe
e8c7ffe9c900e2c7f9e3c7fae4c7fbe5
c7fce6c7fd0011ee1df30ff3c91df4c9
1ef5c91ff6c920f9c921eec919efc91a
f0c91bf2c91ce70fe7c914e8c915e9c9
16ecc917edc918e2c910e3c911e5c912
e6c913057839782a797cf5cb2a0bf014
f409f4cb5bf5cb5cf7cb5df0cb58f1cb
59f2cb5aec09eccb55eecb56efcb57e1
cb52e3cb53e8cb5401e1cb5ef0cb5f75
5276a25a7705ed09edcb4ff3cb50f4cb
51e1cb4ce3cb4de8cb4e0013ee20f60f
f6cb3af7cb3bf8cb3cf9cb3dfacb2aee
cb35f0cb36f1cb37f2cb38f3cb39e70f
e7cb30e9cb31ebcb32eccb33edcb34e1
cb2be2cb2ce3cb2de4cb2ee6cb2f0ded
17f00cf0cb48f3cb49f7cb4afacb4bed
cb45eecb46efcb47e80ce8cb41e9cb42
eacb43eccb44e1cb3ee3cb3fe5cb4000
19709f7820ee0ceecbb3efc17ff5cbd2
f7cbe1782a7934edcb9d01e4cbe8f7cb
e910f5cbea745b745075667705ed09ed
cbe5efcbe6f2cbe7e1cbe2ebcbe3eccb
e403e3cbcee8cbcfedcbd0f7cbd10eed
1af40cf4cbddf5cbdef9cbdffacbe0ed
c17fefcbdaf0cbdbf1cbdce60ce6cbd6
e7cbd7e9cbd8ebcbd9e2cbd3e3cbd4e5
cbd57034723e7301ebcbccf7cbcd01ee
cbc6f4cbc703e9cbc8edcbc9efcbcaf4
cbcb68c0ea6bb76b8a6da24a6ea29a6f
0cec17f00cf0cbc2f2cbc3f5cbc4f7cb
c5eccbc0edcbb1efcbc1e509e5cbbde6
cbbee7cbbfe2cbbae3cbbbe4cbbc06e9
0ce9ab82edcb9af4cb9bf7cb9ce1cb97
e2cb98e8cb990016ed2af414f809f8bd
b5f9cbb1facbb2f4cbaef5cbaff7cbb0
f009f0cbacf1cbadf2afddedcba9eecb
aaefcbabe614e909e9cba6ebcba7eccb
a8e6cba3e7cba4e8cba5e1cb9ee2cb9f
e3cba0e4cba1e5cba205ee09eecbb7f2
cbb8f7cbb9e4cbb4e7cbb5eccbb6683a
69446a02e7cb94e9cb95f3cb9601e7cb
8af0cb8b07ee0ceecb90f2cb91f4cb92
f5cb93e1cb8ce6cb8deccb8eedcb8f64
446446654a6704e1cb85eecb86f2cb87
f3cb88f5cb8910e2cb780bec14f309f3
cb82f4cb83f9cb84eccb7fedcb80eecb
81e709e7cb7ce9cb7deacb7ee1cb79e2
cb7ae5cb7b613062a2496310e6cb7700
13ed20f60ff6cb6ef7cb6ff8cb70f9cb
71facb72edcb69eecb6aefcb6bf0cb6c
f2cb6de70fe7cb65e8cb66e9cb67eac3
1cebcb68e1cb60e2cb61e3cb62e4cb63
e6cb6403e2cb73ebcb74eccb75f0cb76
6da65f6eb8766f001b70c0f57926ea0c
eac77fedb189f2c7c2f3c7d1792a7a40
e3c76a03e2b728e4c7f3edc7f4f9c7f5
10edc7f67462743c75a24976a2567701
e9c7f1ecc7f20011f11df50ff5c7e7f7
c7e8f8c7e9f9c7eafac7ebf1c7e3f2c7
e4f3c7e5f4c7e6e90fe9c7deebc7dfec
c7e0edc7e1eec7e2e1c7dae2c7dbe4c7
dce5c7dd04e2c7ece5c7ede9c7eeedc7
efeeb1d210e4c7f0705c72827307f00c
f0c7d6f4c7d7f5c7d8f8c7d9e1c7d2e3
c7d3e9c7d4efc7d505ef09efc7bff4c7
c0f9c7c1e1b568ebc7bdedc7be0ef31a
f70cf7c7cef8c7cff9c7c2fac7d0f3c7
caf4c7cbf5c7ccf6c7cde70ce7c7c6ee
c7c7efc7c8f2c7c9e1c7c3e3c7c4e5c7
c569c0f06c926c406d786ea25a6f02e4
c7baeec7bbf2c7bc08ed0fedc799efc7
9af2c79bf4c79cf5c79de1c795e4c796
e5c797ebc7980def17f40cf4c7a8f5c7
a9f7c7aaf8c7abefc7a5f0c7a6f2c7a7
e70ce7c7a1e9c7a2ebc7a3ecc7a4e1c7
9ee2c79fe3c7a00def17f30cf3c7b6f4
c7b7f5c7b8f8c7b9efc7b3f0c7b4f2c7
b5e90ce9c7afeac7b0ebc7b1eec7b2e1
c7ace5c7ade7c7ae69966aa2426b0fed
1af50cf5c791f6c792f8c793fac794ed
c78defc78ef2c78ff3c790e50ce5c789
e7c78ae9c78bebc78ce1c785e2c786e3
c787e4c78802e1c77ce5c77deec77e05
f309f3c782f6c783f7c784e2c780e3c7
81e7c77f64326438664e67586801f4c7
7af5c77b03e1c76febc770f4c771f5c7
7201f3c773f5c77404e2c775e3c776e7
c777efc778f5c779614062566303e1c7
6be8c76cefc76df5c76e03e1c75ee3c7
5ff2c760f6c76107ef0cefc766f2c767
f4c768f5c769e9c762ebc763ecc764ed
c765002473c2cae82aef0fefc17ff2c1
c8f3b20af4c1f6f9a9d7e8bfe1e9bf42
ebbf39ecc13bee012ad834514d126f6e
e7af5777c151773878a26179a2bc7aa2
fde7bfc70017ed2af314f609f6c34df7
c34efac34ff3c34af4c34bf5c34cf009
f0c348f1c349f2ade5edc345eec346ef
c347e714ea09eab1d2ebc343ecc344e7
c340e8c341e9c342e409e4af2fe5c33e
e6c33fe1c33be2c33ce3c33d0019ee2d
f417f70cf7c366f8c367f9c368fac369
f4c363f5c364f6c365f109f1c360f2c3
61f3c362eec35defc35ef0c35fe717ea
0ceac359ebc35aecc35bedc35ce7c356
e8c357e9c358e409e4c353e5c354e6c3
55e1c350e2c351e3c3520013ed20f60f
f6c377f7c378f8c379f9c37afac37bed
c373f0c374f2c375f4c1dff5c376e70f
e7c36ee8c36feac370ebc371ecc372e2
c36ae3c36be4a520e5c36ce6c36d0014
ee25f414f709f7c38ef8c38ffac390f4
c38bf5c38cf6c38deec386efc387f0c3
88f1c389f2c38ae90fe9c381eac382eb
c383ecc384edc385e1c37ce2c37de4c3
7ee5c37fe8c38073a25074a29b75a2f3
760014f025f514f809f8c338f9c339fa
c33af5c335f6c336f7c337f0c330f1c3
31f2c332f3c333f4c334e80fe8c32beb
c32cecc32deec32eefc32fe1c326e4c3
27e5c328e6c329e7c32a0015ef25f514
f809f8c1f3f9c1f4fac1f5f5c1f0f6c1
f1f7c1f2efc1ecf0c1edf1c1eef3c1ef
f4c1dfe914ec09ecc1e9edc1eaeec1eb
e9c1e6eac1e7ebc1e8e2c1e1e5c1e2e6
c1e3e7c1e4e8c1e50018ed2df317f60c
f6c30cf7c30df8c30ef9c30ff3c309f4
c30af5c30bf009f0c306f1c307f2c308
edc303eec304efc305e714ea09eac300
ebc301ecc302e7c1fde8c1fee9c1ffe4
09e4c1fae5c1fbe6c1fce1c1f7e2c1f8
e3c1f90015ef25f414f809f8c323f9c3
24fac325f4c320f5c321f6c322efc31b
f0c31cf1c31df2c31ef3c31fe714ea09
eac318ebc319edc31ae7c315e8c316e9
c317e1c310e2c311e3c312e4c313e5c3
146ac2ff6ec1c96ea2626fa2ba70a40a
71a462720017ef2af514f809f8c1def9
c1dffac1e0f5c1dbf6c1dcf7c1ddf209
f2c1d8f3c1d9f4c1daefc1d5f0c1d6f1
c1d7e814ec09ecc1d2edc1d3eec1d4e8
c1cfeac1d0ebc1d1e409e4c1cce6c1cd
e7c1cee1c1c9e2c1cae3c1cb0018ed2d
f417f70cf7c17bf8c17cf9c17dfac17e
f4c178f5c179f6c17af109f1c175f2c1
76f3c177edc172eec173f0c174e714ea
09eac16febc170ecc171e7c16ce8c16d
e9c16ee409e4c169e5c16ae6c16be1c1
66e2c167e3c1680016ef2af514f809f8
c193f9c194fac195f5c190f6c191f7c1
92f209f2c18df3c18ef4c18fefc18af0
c18bf1c18ce714ea09eac188ebc189ed
abd8e7c185e8c186e9c187e1c180e3c1
81e4c182e5c183e6c1840018ee2df417
f70cf7c1abf8c1acf9c1adfac1aef4c1
a8f5c1a9f6c1aaf109f1c1a5f2c1a6f3
c1a7eec1a2efc1a3f0c1a4e814eb09eb
c19fecc1a0edc1a1e8c19ce9c19deac1
9ee409e4c199e5c19ae7c19be1c196e2
c197e3c1980018ee2df417f70cf7c1c4
f8c1c5f9c1c6fac1c7f4c1c1f5c1c2f6
c1c3f109f1c1bef2c1bff3c1c0eec1bb
efc1bcf0c1bde814eb09ebc1b8ecc1b9
edc1bae8c1b5e9c1b6eac1b7e509e5c1
b2e6c1b3e7c1b4e1c1afe2c1b0e3c1b1
6aa2556ba2a06ca2e66d0015ef25f514
f809f8c163f9c164fac165f5c160f6c1
61f7c162efc15bf0c15cf1c15df2c15e
f4c15fe614e909e9c158edc159eec15a
e6c155e7c156e8c157e1c150e2c151e3
c152e4c153e5c1540015ee25f514f809
f8c123f9c124fac125f5c120f6c121f7
c122eec11bf1c11cf2c11df3c11ef4c1
1fe814eb09ebc118ecc119edc11ae8c1
15e9c116eac117e2c110e3c111e4c112
e5c113e7c1140014ee25f414f809f8c1
38f9c139fac13af4c135f6c136f7c137
eec130efc131f0c132f2c133f3c134e9
0fe9c12beac12cebc12decc12eedc12f
e1c126e2c127e3c128e5c129e6c12a00
13ee20f50ff5c14bf6c14cf7c14df8c1
4efac14feec146efc147f0c148f2c149
f3c14ae80fe8c141e9c142eac143ebc1
44ecc145e1c13ce2c13de3c13ee5c13f
e6c14065c1d665a26266a2c467a41c68
a477690017ed2af414f809f8c10df9c1
0efac10ff4c10af5c10bf7c10cf009f0
c107f1c108f2c109edc104eec105efc1
06e714ea09eac101ebc102ecc103e7bf
fee8bfffe9c100e409e4bffbe5bffce6
bffde1bff8e2bff9e3bffa0016ee3cf4
26f71bf7bfaaf926fabfad012a2e4c12
6174eebfac012abfab5310cebfacf4bf
a7f5bfa8f6bfa9f109f1bfa4f2bfa5f3
bfa6eebfa1efbfa2f0bfa3e714eb09eb
bf9eecbf9fedbfa0e7abcce8bf9ceabf
9de1bf97e2bf98e3bf99e4bf9ae5bf9b
0018ed2df417f70cf7bfc3f8bfc4f9bf
c5fabfc6f4bfc0f5bfc1f6bfc2f009f0
bfbdf1bfbef2bfbfedbfbaeebfbbefbf
bce714ea09eabfb7ebbfb8ecbfb9e7bf
b4e8bfb5e9bfb6e409e4bfb1e5bfb2e6
bfb3e1bfaee2bfafe3bfb00019ee2df4
17f70cf7bfdef8b71af9bfdffabfe0f4
bfdbf5bfdcf6bfddf109f1bfd8f2bfd9
f3bfdaeebfd5efbfd6f0bfd7e717ea0c
eabfd1ebbfd2ecbfd3edbfd4e7bfcee8
bfcfe9bfd0e409e4bfcbe5bfcce6bfcd
e1bfc8e2bfc9e3bfca0016ee2af414f8
09f8bff5f9bff6fabff7f4bff2f5bff3
f7bff4f109f1bff0f2abb9f3bff1eebf
edefbfeef0bfefe714eb09ebbfeaecbf
ebedbfece7bfe7e9bfe8eabfe9e2bfe2
e3bfe3e4bfe4e5bfe5e6bfe661a25f62
a2b463a409640017ee2af514f809f8bf
94f9bf95fabf96f5bf91f6bf92f7bf93
f209f2bf8ef3bf8ff4bf90eebf8bf0bf
8cf1bf8de714ea09eabf88ebbf89edbf
8ae7bf85e8bf86e9bf87e409e4bf82e5
bf83e6bf84e1bf7fe2bf80e3bf810015
ee2ff51df812f8bf49f926fabf4c2201
2abf4a4310c3bf4bf5bf46f6bf47f7bf
48eed8256eefbf42f1bf43f3bf44f4bf
45e614ea09eabf3febbf40edbf41e6bf
3ce7bf3de9bf3ee1bf37e2bf38e3bf39
e4bf3ae5bf3b0017ef2af514f809f8bf
62f9bf63fabf64f5bf5ff6bf60f7bf61
f209f2bf5cf3bf5df4bf5eefbf59f0bf
5af1bf5be914ec09ecbf56edbf57eebf
58e9bf53eabf54ebbf55e409e4bf50e6
bf51e8bf52e1bf4de2bf4ee3bf4f0019
ee2df417f70cf7bf7bf8bf7cf9bf7dfa
bf7ef4bf78f5bf79f6bf7af109f1bf75
f2bf76f3bf77eebf72efbf73f0bf74e7
17ea0ceabf6eebbf6fecbf70edbf71e7
bf6be8bf6ce9bf6de409e4bf68e5bf69
e6bf6ae1bf65e2bf66e3bf67002473c1
e2e220ee0feec59eefc5b6f2c5ddf6c7
23f9c73ce2c3aae4c3d4e5c3ede7c508
ecaf8977c0d57736787479a2557aa2aa
e1c39109ed0fedc72befc72cf2c72df7
c72ef8c72fe2c726e3c727e5c728e7c7
29e9c72a0cec17f10cf1c739f2c73af5
a95df8c73becc736eec737efc738e709
e7c733e9c734ebc735e1c730e4c731e5
c7320017ee2af414f709f7c751f8c752
f9c753f4c74ef5c74ff6c750f109f1c7
4bf2c74cf3c74deec748efc749f0c74a
e814eb09ebc745ecc746edc747e8c742
e9c743eac744e509e5c73fe6c740e7c7
41e2c73de3b36be4c73e09ed0fedc759
f2c75af5c75bf9c75cfac75de1c754e2
c755e4c756e9c757ebc758734274a257
75a2887602e8c724edc725efa7040014
ee25f514f809f8c5fcf9c5fdfac5fef5
c5f9f6c5faf7c5fbeec5f4efc5f5f1c5
f6f3c5f7f4c5f8e60fe6c5efe7c5f0e8
c5f1ebc5f2edc5f3e1c5eae2c5ebe3c5
ece4c5ede5c5ee0eef1af50cf5c708f8
c709f9c70afac70befc705f0c706f2c7
07f3ad25e90ce9c701eac702ebc703ed
c704e4c5ffe5afc6e7c7000017ef2af5
14f809f8c720f9c721fac722f5c71df6
c71ef7c71ff209f2c71af3c71bf4c71c
efc717f0c718f1c719e814eb09ebc715
edc716eea5e0e8c712e9c713eac714e5
09e5c70fe6c710e7c711e1c70ce3c70d
e4c70e6ac2596ec1256e966fa29370a2
d971a2fc720dec17f00cf0c5e7f5c3b0
f8c5e8fac5e9ecc5e4edc5e5eec5e6e6
0ce6c5e1e7c5e2e9c5e3ebc57ee1c5de
e2c5dfe5c5e00018ed2df417f70cf7c5
b3f8c51bf9c5b4fac5b5f4c5b0f5c5b1
f6c5b2f109f1c5aef2c5aff3c3baedc5
abeec5acf0c5ade714ea09eac5a8ebc5
a9ecc5aae7c5a5e8c5a6e9c5a7e409e4
c5a2e5c5a3e6c5a4e1c59fe2c5a0e3c5
a10014ed25f314f609f6c5c7f7c5c8f9
c5c9f3c5c4f4c5c5f5c5c6edab71eec5
c1efaf6af0c5c2f1c5c3e70fe7c5bce8
c5bde9c5beeac5bfebc5c0e1c5b7e3c5
b8e4c5b9e5c5bae6c5bb0aee14f509f5
c5d1f8c5d2f9c5d3eec5ceefc5cff3c5
d0e2c5cae7c5cbe8c5cce9c3edecc5cd
08ee0feec5d8efc5d9f1c5daf4c5dbf9
c5dce7c5d4ebc5d5ecc5d6edc5d76aa2
626ba29a6ca2ea6d0018ed2df317f60c
f6c59af7c59bf8c59cfac59df3c597f4
c598f5c599f009f0c594f1c595f2c596
edc591eec592efc593e714ea09eac58e
ebc58fecc590e7c58be8c58ce9c58de4
09e4c588e5c589e6c58ae1c585e2c586
e3c5870010ee1df40ff4c559f5c55af8
c55bf9c55cfaad99eec555efc556f2c5
57f3c558e90ce9c551eac552ecc553ed
c554e1c54de2c54ee4c54fe8c5500016
ed2af414f709f7c571f8c572fac573f4
c56ef5c56ff6c570f109f1c56bf2c56c
f3c56dedc568eec569efc56ae614e909
e9c565eac566ebc567e6c562e7c563e8
c564e1c55de2c55ee3c55fe4c560e5c5
610011ef1df60ff6c580f7c581f8c582
f9c583fac584efc57cf1c57df2c57ef5
c57fe90fe9c578eac579ebc57aedc57b
eea5e7e1c574e3c575e5c576e7c57765
c15f65a25d66a2a367a2b068a4056900
16ee2af514f809f8c54af9c54bfac54c
f5c547f6c548f7c549f209f2c544f3c5
45f4c546eec541efc542f1c543e714ea
09eac53eecc53fedc540e7c53be8c53c
e9c53de1c536e2c537e4c538e5c539e6
c53a0014ed25f414f809f8c500f9c501
fac502f4c3fdf5c3fef7c3ffedc3f8ee
c3f9efc3faf1c3fbf2c3fce70fe7c3f3
e8c3f4e9c3f5eac3f6ebc3f7e1c3eee2
c3efe3c3f0e4c3f1e5c3f204e1c503e4
c504ecc505f2c506f5c5070017ee2af5
14f809f8c51df9c51efac51ff5c51af6
c51bf7c51cf209f2c518f3c519f4bda4
eec515f0c516f1c517e814eb09ebc512
ecc513edc514e8c50fe9c510eac511e4
09e4c50ce5c50de7c50ee1c509e2c50a
e3c50b0015ef25f514f809f8c533f9c5
34fac535f5c530f6c531f7c532efc52b
f0c52cf1c52df2c52ef4c52fe614eb09
ebc528edc529eec52ae6c525e7c526e9
c527e1c520e2c521e3c522e4c523e5c5
2461a25f62a2c263a40d640017ee2af5
14f809f8c3eaf9c3ebfac3ecf5c3e7f6
c3e8f7c3e9f209f2c3e4f3c3e5f4c3e6
eec3e1f0c3e2f1c3e3e814eb09ebc3de
ecc3dfedc3e0e8c3dbe9c3dceac3dde4
09e4c3d8e6c3d9e7c3dae1c3d5e2c3d6
e3c3d70015ee3df314f809f8c3a7f9c3
a8fac3a9f3c3a4f4c3a5f7c3a6ee38ef
c3a0f0c3a1f1c3a2f2c3a3012a2e4812
616ef4c39f022ac39d4d2a5410d7c39f
10cfc39ee614eb09ebc39aecc39bedc3
9ce6c397e7c398eac399e1c392e2c393
e3c394e4c395e5c3960015ee25f414f7
09f7c3bef8b30df9c3bff4c3bbf5c3bc
f6c3bdeec3b6efc3b7f0c3b8f1c3b9f2
c3bae614ea09eac3b3ebc3b4edc3b5e6
c3b0e8c3b1e9c3b2e1c3abe2c3ace3c3
ade4c3aee5c3af0015ec25f114f509f5
c3d1f8c3d2fac3d3f1b90af2c3cff4c3
d0ecc3cbedc3cceec3cdefc3cef0b7d7
e614e909e9c3c8eac3c9ebc3cae6c3c5
e7c3c6e8c3c7e1c3c0e2c3c1e3c3c2e4
c3c3e5c3c466dc4269d33069aae36ab0
676bb4546c002272c143e11dee0feebd
c0efbdcff4bf00f5bf09f6bf20e1bbf4
e2bd09e7bd4fe9bd677667766e779478
a25579a2567a03e8bf32ecbf33eebf34
fa012a2e4712656ff2bf36012abf3547
10c5bf3605ec09ecbf24f3bf20f5bf25
e1bf21e9bf22ebbf2308ec0fecbf2aed
bf2befbf2cf4bf2df7bf2ee1bf26e5bf
27e7bf28e8bf2910edbf2f01e1bf30ee
bf3172a25a73a28274a297750016ee2a
f414f709f7bf1ef9ab17fabf1ff4bf1b
f5bf1cf6bf1df109f1bf18f2bf19f3bf
1aeebf15efbf16f0bf17e814eb09ebbf
12ecbf13edbf14e8bf0fe9bf10eabf11
e1bf0ae3bf0be4bf0ce5bf0de6bf0e0b
ed14f409f4bdf6f6bdf7fabdf8edbdf3
eebdf4efbdf5e909e9bdf0ebbdf1ecbd
f2e1bdede3bdeee7bdef06e90ce9bdfc
edbdfdf2bdfef3bdffe1bdf9e4bdfae5
bdfb07ee0ceebf05efbf06f3bf07f5bf
08e3bf01e7bf02e8bf03e9bf0469c1ed
6dc0f76d3c6ea25e6fa28c70a2dc7110
f2bdec0016ec2af214f709f7bdbdf8bd
bef9bdbff2bdbaf5bdbbf6bdbcef09ef
bdb7f0bdb8f1bdb9ecbdb4edbdb5eebd
b6e614e909e9bdb1eabdb2ebbdb3e6bd
aee7bdafe8bdb0e1bda9e2bdaae3bdab
e4bdace5bdad0dec17f30cf3bdcbf5bd
ccf7bdcdfabdceecbdc8edbdc9eebdca
e70ce7bdc4e8bdc5e9bdc6eabdc7e1bd
c1e2bdc2e4bdc30016ee2af414f809f8
bde4f9bde5fabde6f4bde1f5bde2f7bd
e3f109f1bddef2bddff3bde0eebddbef
bddcf0bddde814eb09ebbdd8ecbdd9ed
bddae8bdd5e9bdd6eabdd7e1bdd0e2bd
d1e3bdd2e5bdd3e7bdd404e1bde7e5bd
e8eebde9efbdeaf8bdeb69a2456aa29a
6ba2af6c0011eb1def0fefbda4f0bda5
f1bda6f5bda7f8bda8ebbda0ecbda1ed
bda2eebda3e50fe5bd9be6bd9ce7bd9d
e9bd9eeabd9fe1bd97e2bd98e3bd99e4
bd9a0015ef25f514f809f8bd7cf9bd7d
fabd7ef5bd79f6bd7af7bd7befbd74f0
bd75f1bd76f2bd77f3bd78e61eea09ea
bd71ebbd72ecbd73e62ce7bd6fe8bd70
012abd6d4c12696de2bd6ee1bd68e2bd
69e3bd6ae4bd6be5bd6c06ec0cecbd82
f0bd83f7bd84f8bd85e1bd7fe5bd80e9
bd810010ec1df20ff2bd92f3bd93f4bd
94f5bd95f9bd96ecbd8eedbd8feebd90
efbd91e50ce5bd8ae8bd8be9bd8ceabd
8de1bd86e2bd87e3bd88e4bd8965bd65
6466a27d67a2816807ee0ceebd63f3bd
64f4bd65f5bd66e1bd5fe8bd60e9bd61
edbd620019ee2df417f70cf7bd49f8bd
4af9bd4bfabd4cf4bd46f5bd47f6bd48
f109f1bd43f2bd44f3bd45eebd40efbd
41f0bd42e717ea0ceabd3cebbd3decbd
3eedbd3fe7afe7e8bd3ae9bd3be409e4
bd37e5bd38e6bd39e1bd34e2bd35e3bd
3601e1bd4deebd4e0eed1af20cf2bd5b
f4bd5cf5bd5dfabd5eedbd57eebd58ef
bd59f1bd5ae80ce8bd53e9bd54ebbd55
ecbd56e1bd50e2bd51e7bd52619062a2
7e63a2bc640deb17ee0ceebd30efbd31
f0bd32f1bd33ebbd2decbd2eedbd2fe7
0ce7bd29e8bd2ae9bd2beabd2ce1bd26
e2bd27e4bd280014ec25f214f709f7bd
06f8bd07fabd08f2bd03f3bd04f5bd05
ecbbfeedbbffeebd00f0bd01f1bd02e7
0fe7bbfae8bbfbe9bbfceabbfdebbb44
e1bbf5e2bbf6e3bbf7e4bbf8e5bbf900
12ef20f60ff6bd17f7bd18f8bd19f9bd
1afabd1befbd12f1bd13f2bd14f4bd15
f5bd16ea0feabd0eeba926ecbd0fedbd
10eebd11e2bd0ae5bd0be6bd0ce9bd0d
09ec0fecbd21edbd22f0bd23f1bd24f3
bd25e3bd1ce4bd1de5bd1ee6bd1fe8bd
20002474a9e520ef0fefb5c4f3b570f4
b5e0f5b59cf7b5f4e5b57ee7b587e9b5
95ebb101eeb5bb782d7834793e7a4ee1
b55fe4b57301e3b5f9ecb5fa02e1b5fb
efb5fcf8b5fd04e8b5fee9b117edb5ff
f2b700fab701744875a24876a2497703
ebb5f5edb5f6efb5f7f3b5f80ff21af7
0cf7b5edf8b5eef9b5effab5f0f2b5e9
f3b5eaf4b5ebf6b5eceb0cebb5e5ecb5
e6edb5e7efb5e8e2b5e1e4b5e2e5b5e3
e9b5e410edb5f101e2b5f2f6b5f36bc1
026f686f86709671a072a244730bed14
f409f4b5ddf5b5def6b5dfedb5daeeb5
dbefb5dce809e8b5d7e9b5d8ebb5d9e1
b5d4e3b5d5e4b5d602f2b5c5f5b5c6f7
b5c701e9b5c8efb5c901f5b5caf7b5cb
07ee0ceeb5d0f5b5d1f8b5d2f9b5d3e5
b5cce8b5cde9b5ceebb5cf6b646ca24d
6da2756e07ee0ceeb5c0efb5c1f0b5c2
f4b5c3e2b5bce7b5bde8b5beeab5bf0c
f017f60cf6b5a5f7b5a6f8b5a7fab5a8
f0b5a2f2b5a3f4b5a4eb09ebb59fecb5
a0efb5a1e5b59ce8b59de9b59e0bed14
f509f5b5b1f6b5b2f7b17cedb5aeefb5
aff0b5b0e909e9b5acebb5adecb5aee1
b5a9e2b5aae7b5ab07f20cf2b5b7f3b5
b8f4b5b9f9b5bae9b5b3ecb5b4eeb5b5
efb5b666656652678468a24d69a2576a
04e3b597e5b598eab599eeb59af3b59b
07eb0cebb583edb584f5b585f9b586e1
b57fe2b580e5b581e6b58208ed0fedb5
8ceeb58defb58ef3b58ff7b590e2b588
e5b589e7b58aecb58b03e2b591e9b592
f0b593f7b59410eeb596616e627e63a2
5a6409e90fe9b579f2b57af3b57bf4b5
7cf5b57de1b574e2b575e3b576e4b577
e5b57802e9b560eeb561f2b5620ce917
ee0ceeb56bf2b56cf5b56df9b56ee9b5
68ecb569edb56ae509e5b565e7b566e8
b567e1a7f8e2b563e4b56403e1b56fe5
b570e8b571f2b57200186eb47628e10c
e1b702e9b735f6b778f7b77b763a7744
7902e1b77de5b77ef9b77f01e4b779ee
b77a10e9b77c7154719c72a0750010ed
1df20ff2b773f4b774f5b775f7b776f9
b777edb76feeb770efb771f0b772e80c
e8b76be9b76cebb76decb76ee1b767e2
b768e3b769e4b76a10f2b76204e1b763
e2a3b9f2b764f4b765f5b7666e346f60
7001e1b760f2b76106e90ce9b757eab7
58ecb759f3b75ae1b754e4b755e7b756
04e2b75be4b75ce7b75df2b75ef7b75f
68796b3c6b726c886d0aec14f309f3b7
51f7b752f8b753ecb74eeeb74ff2b750
e1b749e2b74ae3b74be4b74ce9b74d03
e1b744edb745efb746f5b74710e5b748
683469386a01e5b742f2b74310e9b734
0bec14f509f5b73ff6b740f9b741ecb7
3cedb73df4b73ee409e4b739e5b73ae7
b73be1b736e2b737e3b7386442644065
506703e2b731e5b732ebb710efb73302
e1b723e7b724f4b7250aeb14f209f2b7
2ef4b72ff5b730ebb72becb72ceeb72d
e2b726e5b727e7b728e8b729e9b72a61
3062a24e6310f4b7220014ed25f314f8
09f8b714f9b715fab716f3b711f4b712
f5b713edb70ceeb70defb70ef1b70ff2
b710e60fe6b708e8b709eab70aebb70b
ecb52fe1b703e2b704e3b705e4b706e5
b7070aee14f409f4b71ff5b720f7b721
eeb71cefb71df2b71ee5b717e9b718ea
b719ebb71aedb71b002875c2a5eb77f2
42f628f6b9fff7bb95f9022a32414c4c
126174eebbc6022abbc4432a5410d2bb
c610cebbc5127261e2bbc5f2b9c1f3bb
35f5032aac8a41acaf43acb25912657a
e9b9b5eb38ecb981edb99ceeb9beefb9
d7012a2e41127261e2b965042ab96341
324336493a4d10ceb96710c6b96410ce
b96510d2b9667a667a38e1b1c9e7b907
e9b934eab94b0017ee2af514f809f8bb
f1f9bbf2fabbf3f5bbeef6bbeff7bbf0
f209f2bbecf3bbedf4af70eebbe9efbb
eaf0bbebe814eb09ebaf5cecbbe7edbb
e8e8addce9bbe6eaaf70e409e4bbe3e5
bbe4e6bbe5e1bbe0e2bbe1e3bbe275a2
6576a2ba77a40f78a46a790018ed2df4
17f70cf7bbdcf8bbddf9bbdefabbdff4
bbd9f5bbdaf6bbdbf109f1bbd6f2bbd7
f3bbd8edbbd3eebbd4efbbd5e714ea09
eabbd0ebbbd1ecbbd2e7bbcde8bbcee9
bbcfe409e4bbcae5bbcbe6bbcce1bbc7
e2bbc8e3bbc90017ee2af514f809f8bb
7bf9bb7cfabb7df5bb78f6bb79f7bb7a
f109f1bb75f3bb76f4bb77eebb72efbb
73f0bb74e814eb09ebbb6fecbb70edbb
71e8bb6ce9bb6deabb6ee509e5bb69e6
bb6ae7bb6be2bb66e3bb67e4bb680017
ee2af414f809f8bb92f9bb93fabb94f4
bb8ff6bb90f7bb91f109f1bb8df2bb8e
f3b1b3eebb8aefbb8bf0bb8ce714ea09
eabb87ecbb88edbb89e7bb84e8bb85e9
bb86e409e4bb81e5bb82e6bb83e1bb7e
e2bb7fe3bb800019ee2df417f70cf7bb
abf8bbacf9bbadfabbaef4bba9f5bbaa
f6b9e0f109f1bba6f2bba7f3bba8eebb
a3efbba4f0bba5e717ea0ceabb9febbb
a0ecbba1edbba2e7bb9ce8bb9de9bb9e
e409e4bb99e5bb9ae6bb9be1bb96e2bb
97e3bb980015ee25f414f809f8bbc1f9
bbc2fabbc3f4bbbef6bbbff7bbc0eebb
b9efbbbaf0bbbbf1bbbcf2bbbde614eb
09ebbbb7ecbb2fedbbb8e6bbb4e9bbb5
eabbb6e1bbafe2bbb0e3bbb1e4bbb2e5
bbb36bc3e070c1d470a26871a2c072a4
1b73a470740019ee2df417f70cf7bb63
f8bb64f9bb65faa595f4bb60f5bb61f6
bb62f109f1bb5ef2af70f3bb5feebb5b
efbb5cf0bb5de717ea0ceabb57ebbb58
ecbb59edbb5ae7bb54e8bb55e9bb56e4
09e4bb51e5bb52e6bb53e1bb4ee2bb4f
e3bb500018ee2df417f70cf7bb00f8bb
01f9bb02fabb03f4b9fdf5b9fef6b9ff
f109f1b9faf2b9fbf3b9fceeb9f8efb9
f9f0b745e814eb09ebb9f5ecb9f6edb9
f7e8b9f2e9b9f3eab9f4e509e5b9efe6
b9f0e7b9f1e1b9ece3b9ede4b9ee0019
ee2df417f70cf7bb1af8bb1bf9bb1cfa
bb1df4bb17f5bb18f6bb19f109f1bb14
f2bb15f3bb16eebb11efbb12f0bb13e7
17ea0ceabb0debbb0eecbb0fedbb10e7
bb0ae8bb0be9bb0ce409e4bb07e5bb08
e6bb09e1bb04e2bb05e3bb060017ee2a
f514f809f8bb32f9bb33fabb34f5bb2f
f6bb30f7bb31f209f2bb2cf3bb2df4bb
2eeebb29efbb2af0bb2be814eb09ebbb
27ecbb28eda910e8bb24e9bb25eabb26
e409e4bb21e5bb22e6bb23e1bb1ee2bb
1fe3bb200017ee2af414f709f7bb4bf8
bb4cfabb4df4bb48f5bb49f6bb4af109
f1bb45f2bb46f3bb47eebb42efbb43f0
bb44e814eb09ebbb3fecbb40edbb41e8
bb3ce9bb3deabb3ee509e5bb39e6bb3a
e7bb3be2bb36e3bb37e4bb386ba2536c
a2ab6da4066ea4a26f0014ec25f414f7
09f7b9e9f9b9eafab9ebf4b9e6f5b9e7
f6b9e8ecb9e1efb9e2f0b9e3f1b9e4f3
b9e5e70fe7b9dde8b9dee9b9dfeab9e0
ebb341e1b9d8e3b9d9e4b9dae5b9dbe6
b9dc0018ed2df417f70cf7b97df8b97e
f9b97ffab980f4b97af5b97bf6b97cf1
09f1b977f2b978f3b979edb974efb975
f0b976e714ea09eab971ebb972ecb973
e7b96ee8b96fe9b970e409e4b96be5b9
6ce6b96de1b968e2b969e3b96a0019ee
2df417f70cf7b998f8b999f9b99afab9
9bf4b995f5b996f6b997f109f1b992f2
b993f3b994eeb98fefb990f0b991e717
ea0ceab98bebb98cecb98dedb98ee7b9
88e8b989e9b98ae409e4b985e5b986e6
b987e1b982e2b983e3b9840019ee6ef4
17f70cf7b9baf8b9bbf9b9bcfab9bdf4
b9b7f5b9b8f6b9b9f14af1b9acf226f3
b9b6032a364182438a5912657ae9b9b5
054914492e4c385410cdb9b401d1b9b1
d2b9b210c2b9b32ab9ad412a4710c5b9
b001cdb9aedab9af127261e2b9b11279
72ecb9aeeeb9a9efb9aaf0b9abe717ea
0ceab9a6ebb9a7ecb90dedb9a8e7b9a3
e8b9a4e9b9a5e409e4b9a0e5b9a1e6b9
a2e1b99de2b99ee3b99f0018ee2df417
f70cf7b9d3f8b9d4f9b9d5fab9d6f4b9
d0f5b9d1f6b9d2f109f1b9cdf2b9cef3
b9cfeeb9caefb9cbf0b9cce714eb09eb
b9c7ecb9c8edb9c9e7b907e9b9c5eab9
c6e409e4b9c2e5b9c3e6b9c4e1b9bfe2
b9c0e3b9c166c1a766a25d67a2b268a2
f869a44d6a0016ed2af314f809f8b960
f9b961fab962f3b95df4b95ef5b95ff0
09f0b95af1b95bf2b95cedb957eeb958
efb959e714ea09eab954ebb955ecb956
e7b951e8b952e9b953e1b94ce2b94de3
b94ee4b94fe5b9500017ee2af514f809
f8b904f9b905fab906f5b901f6b902f7
b903f109f1b7fef2b7fff3b900eeb7fb
efb7fcf0b7fde714eb09ebb7f8ecb7f9
edb7fae7b7f5e8b7f6e9b7f7e409e4b7
f2e5b7f3e6b7f4e1b7efe2b7f0e3b7f1
0014ef25f414f709f7b91af8b91bf9b9
1cf4b917f5b918f6b919efb912f0b913
f1b914f2b915f3b916e80fe8b90deab9
0eebb90fecb910edb911e1b908e2b909
e4b90ae5b90be6b90c0017ef2af514f8
09f8b931f9b932fab933f5b92ef6b92f
f7b930f209f2b92bf3b92cf4b92defb9
28f0b929f1b92ae714eb09ebc825ecb9
26eeb927e7b923e8b924eab925e409e4
b920e5b921e6b922e1b91de2b91ee3b9
1f0015ef25f514f809f8b948f9b949fa
b94af5b945f6b946f7b947efb940f0b9
41f1b942f3b943f4b944e614ea09eab9
3decb93eedb93fe6b93ae7b93be8b93c
e1b935e2b936e3b937e4b938e5b93961
a25d62a29563a2ed64a442650016ed2a
f514f809f8b7ecf9b7edfab7eef5b7e9
f6b7eaf7b7ebf209f2b7e6f3b7e7f4b7
e8edb7e3eeb7e4efb7e5e614e909e9b7
e0ebb7e1ecb7e2e6b7dde7b7dee8b7df
e1b7d8e2b7d9e3b7dae4b7dbe5b7dc00
10eb1df10ff1b78cf6b78df7b78ef8b7
8ff9b790ebb788edb789efb78af0b78b
e70ce7b784e8b785e9b786eab787e1b7
80e2b781e3b782e4b7830018ee2df417
f70cf7b7a6f8b7a7f9b7a8fab7a9f4b7
a3f5b7a4f6b7a5f109f1b7a0f2b7a1f3
b7a2eeb79defb79ef0b79fe814eb09eb
b79aecb79bedb79ce8b797e9b798eab7
99e409e4b794e5b795e7b796e1b791e2
b792e3b7930017ed2af414f709f7b7bf
f9b7c0fab7c1f4b7bcf5b7bdf6b7bef0
09f0b7b9f1b7baf3b7bbedb7b6eeb7b7
efb7b8e714ea09eab7b3ebb7b4ecb7b5
e7b7b0e8b7b1e9b7b2e409e4b7ade5b7
aee6b7afe1b7aae2b7abe3b7ac0015ed
25f414f809f8b7d5f9b7d6fab7d7f4b7
d2f6b7d3f7b7d4edb7cdeeb7cef0b7cf
f1b7d0f2b7d1e714ea09eab7caebb7cb
ecb7cce7b7c7e8b7c8e9b7c9e1b7c2e3
b7c3e4b7c4e5b7c5e6b7c666a6ca67aa
3768001e72c0f8e51af40cf4b538f5b5
3ef9a557fab55ee5b3d1e9b3ddefb514
f2b527763f765877747984e122032ab3
b0372e43345310c4b3b11133b6b3b110
cdb3b204e3b554e5b555ebb556eeb557
f6b55802e1b559e3b55aefb55b01e1b5
5cf7b55d72a25073a27b74a282750014
ed25f514f809f8b551f9b552fab553f5
b54ef6b54ff7b550edb549f0b54af2b5
4bf3b54cf4b54de70fe7b544e8b545e9
b546ebb547ecb548e2b53fe3b540e4b5
41e5b542e6b5430cf017f50cf5b531f7
b532f8b533fab534f0b52ef2b52ff4b5
30eb09ebb52bedb52cefb52de1b528e3
b529e5b52a02e2b535eeb536f3b53704
e9b539efb53af3b53bf5b53cf8b53d69
c1166db36d366ea2436fa2707010efb5
260010f11df50ff5b503f6b504f7b505
f9b506fab507f1b3fff2b500f3b501f4
b502ea0ceab3fcedb3fdeeb3d2f0b3fe
e1b3f8e2b3f9e4b3fae6b3fb0ae91eee
09eeb511efb512f3b513e9b50dea26ed
b510012ab50e48126d6ee7b50fe1b508
e4b509e5b50ae7b50be8b50c0010ec1d
f20ff2b521f4b522f6b523f7b524f9b5
25ecb51dedb51eefb51ff0b520e50ce5
b519e8b51ae9b51beab51ce1b515e2b5
16e3b517e4b518694e6aa24b6ba24c6c
04e1b3f3e2b3f4e4b3f5f4b3f6f5b3f7
0feb1af20cf2b3eaf4b3ebf7b3ecf8b3
edebb3e6ecb3e7edb3e8efb3e9e70ce7
b3e2e8b3e3e9b3e4eab3e5e1b3dee2b3
dfe4b3e0e6b3e110e9b3ee03e1b3efe5
b3f0e8b3f1ebb3f26434643e6548676e
6802e9b3daf2b3dbf9b3dc01eeb3b9f9
b3d005e809e8b3d5e9b3d6edb3d7e1b3
d2e4b3d3e7b3d401edb3d8f7b3d96130
62a2656310e8b3cf0015ee25f314f809
f8b3c7f9b3c8fab3c9f3b3c4f6b3c5f7
b3c6eeb3bfefb3c0f0b3c1f1b3c2f2b3
c3e826eb1beb2cecb3bdedb3be012a2e
4812616ef4b3bc012ab3bb5410d7b3bc
e8b3b8e9b3b9eab3bae1b3b3e3b3b4e4
b3b5e5b3b6e7b3b704e1b3cae2b3cbee
b3ccefb3cdf5b3ce00177199e614ef09
efb14af2b153f9b16fe6a254e9b132ea
b13b7612762a772ee1b11910f2b16c01
e1b16de5b16e71a24272a243750eed1a
f40cf4b168f5b169f6b16af9b16bedb1
64eeb165f1b166f2b167e50ce5b160e6
b161e8b162e9b163e2b15ee326e4b15f
012ab12d4112646cedb12e10f3b1520a
ef14f209f2b15bf3b15cf4b15defb158
f0b159f1b15ae3b154e4b155e5b153eb
b156edb1576b556e286e2e6f3e7010e5
b15102e2b147e7b148e9b14905ee09ee
b14ef2b14ff3b150e4b14be9b14cedb1
4d6b346c3e6d01f0b145f5b14601ebb1
3cf6b13d06ec0cecb141eeb142f2b143
f9b144e1b13ee8b13fe9b140662b665c
67666907f00cf0b137f2b138f4b139f7
b13ae1b133e5b134e6b135ecb13601e9
b12fedb13010f2b131613062a2466510
f2b12c0012ec20f40ff4a3bcf5b128f8
b129f9b12afab12becb123edb124eeb1
25f0b126f2b127e70fe7b11ee8b11fe9
b120eab121ebb122e1b11ae2b11be4b1
1ce6b11d10eca79d001f71c18d7953ec
0cecb306eeb320f5b36cf6b38279307a
8ee1b170e4b1aa0dec17ef0cefb3a9f2
b3aaf9b3abfab3acecb3a6edb3a7eeb3
a8e50ce5b3a2e6b3a3e7b3a4e9b3a5e1
b18ae2b3a0e4b3a102e1b3ade9b3aeee
b3af75c0c5753676a25b77a2867810f8
b39f0016ed2af414f709f7b37ff8b380
fab381f4b37df5b37ef6af8ff009f0b3
7af1b37bf2b37cedb377eeb378efb379
e614e909e9b374ebb375ecb376e6b372
e7b320e8b373e1b36de2b36ee3b36fe4
b370e5b3710ced17f00cf0b38cf2b1da
f3b38df9b38eedb389eeb38aefb38be6
09e6b386eab387ecb388e1b383e3b384
e5b3850fea1af40cf4b39bf5b39cf7b3
9df8b39eeab397edb398eeb399f2b39a
e50ce5b393e6b394e7b395e9b396e1b3
8fe2b390e3b391e4b3927140725073a2
597402e1b36ae9b36bf5b1db02e1b350
eeb351f2b3520013f120f60ff6b360f7
b361f8b362f9b363fab364f1b35bf2b3
5cf3b35df4b35ef5b35fe70fe7b356e8
b357e9b358eab359edb35ae1b353e2b1
98e3b354e4b355e5afca04ecb365eeb3
66efb367f0b368f7b36969c17f6dc0e2
6d406e9e6fa2807002e1b34de5b34eee
b34f0dee17f60cf6b31cf8b31df9b31e
fab31feeb319f2b31af5b31be70ce7b3
15e8b316ecb317edb318e1b312e2b313
e4b3140013ec20f20ff2b330f4b331f5
b332f7b333fab334ecb32bedb32ceeb3
2defb32ef1b32fe70fe7b326e8b327e9
b328eab329ebb32ae1b321e2b322e3b3
23e4b324e5b3250018ed2df317f60cf6
b349f7b34af8b34bf9b34cf3b346f4b3
47f5b348f009f0b343f1b344f2b345ed
b341eeb32eefb342e714ea09eab33eeb
b33fecb340e7b33be8b33ce9b33de409
e4b338e5b339e6b33ae1b335e2b336e3
b33769846aa26d6ba27a6c0beb14f209
f2b30ff5b310f7b311ebb30cecb30def
b30ee809e8b30ae9af5ceab30be2b307
e3b308e4b3090011ee1df30ff3b1f5f4
b1f6f8b1f7f9b1f8fab1f9eeb1f1f0b1
f2f1b1f3f2b1f4e50fe5b1ece7b1ede8
b1eeecb1efedb1f0e1b1e8e2b1e9e3b1
eae4b1eb04ebb1faedb1fbeeb1fcf2b1
fdf5b1fe06ee0ceeb302efb303f0b304
f5b305e1b1ffe4b300e5b30165a0656a
66a26667a26a6808ee0feeb1e3efb1e4
f2b1e5f3b1e6f4b1e7e1b1dfe3b1e0e5
b1e1ebb1e20013ec20f60ff6b1ccf7b1
cdf8b1cef9b1cffab1d0ecb1c8efb1c9
f1b1caf2adc2f3b1cbe70fe7b1c3e8b1
c4e9b1c5eab1c6ebb1c7e1b1bee2b1bf
e3b1c0e4b1c1e6b1c201ebb1d1f8b1d2
0cec17f20cf2b1dbf4b1dcf5b1ddf7b1
deecb1d9eeb1daefaffee509e5b1d6e7
b1d7ebb1d8e1b1d3e2b1d4e4b1d561a2
4862a2a363a2fb640012eb20f10ff1b1
b9f2b1baf4b1bbf5b1bcf8b1bdebb1b4
ecb1b5edb1b6eeb1b7efb1b8e60fe6b1
afe7b1b0e8b1b1e9b1b2eab1b3e2b1ab
e3b1ace4b1ade5b1ae0019ee2df417f7
0cf7b186f8b187f9b188fab189f4b184
f5b185f6add1f109f1b181f2b182f3b1
83eeb17eefb17ff0b180e717ea0ceab1
7aebb17becb17cedb17de7b177e8b178
e9b179e409e4b174e5b175e6b176e1b1
71e2b172e3b1730018ed2df317f70cf7
b19ff8b1a0f9b1a1fab1a2f3b19cf5b1
9df6b19ef009f0b199f1b19af2b19bed
b196eeb197efb198e714ea09eab193eb
b194ecb195e7b190e8b191e9b192e409
e4b18de5b18ee6b18fe1b18ae2b18be3
b18c06ec0cecb1a6eeb1a7f2b1a8f4b1
a9e3b1a3e4b1a4e6b1a563cb0763a4dc
64aeaa65001d73927a29ef0cefaff0f3
affcf4afc3f5a5fc7a44e5afb1ecafca
ee012aafdf53126861f7afe001e1b117
e5b118762076387748784c7901e1b115
efb11602e5b110e8b111eeb11210efb1
1310f4b114732e74667510e4b10f08eb
0febb101edb102f3b103f5b104f9b105
e5affde7affee8afffe9b10008f30ff3
b10af4b10bf5b10cf8b10dfab10ee2b1
06eeb107efb108f2b1096ac0e96e636e
6a6fa25670a2577208eb0febaff7f2af
f8f3aff9f4affaf7affbe1aff3e7aff4
e8aff5e9aff60eed1af20cf2afecf6af
edf7afeef8afefedafe8eeafe9efafea
f1afebe40ce4afe4e6afe5e8afe6ecaf
e7e1afe1e2afe2e3afe310f4aff110e9
aff26aa2426ba2436ca2666d0dee17f5
0cf5afdbf7afdcf8afddfaafdeeeafd8
f0afd9f3afdae716e7afd3e9afd4eb26
edafd7012aafd54e126b6fefafd6e1af
d0e2afd1e5afd210e1afbe0aec14f009
f0afc7f2afc8f9afc9ecafc4edafc5ef
afc6e1afbfe5afc0e7afc1e9afc2ebaf
c305ef09efafcef0a3f5f5afcfe5afcb
ebafccedafcd662f663e674e686a6902
f0afbbf4afbcf6afbd02e1afb2e5afb3
e9afb404e1afb5ecafb6edafb7efafb8
f9afb910f5afba613462386301f2afaf
f9afb010e1afa905ef09efafacf2afad
f5afaee3afaae7afabeba7da002272c1
61e127f219f2ad33f3ad4af52cf6ad7a
f9ad83012aad6947126c61e7ad6ae1ab
4ee5ab8ee8ab9eefad127643764e7758
787e79827a04e5ad4ae8ad87ebad88ee
ad89f4ad8a01e7ad7beead7c05e509e5
ad7fe7ad80f4ad81e1ad7de2ad7ee4ad
3310e8ad8202e1ad84e2ad85efad8672
9673a28674a2b4750eec1af50cf5ad76
f6ad77f8ad78f9ad79ecad72efad73f0
ad74f4ad75e80ce8ad6ee9ad6feaad70
ebad71e1ad6be2ad6ce3ad6d0015ed25
f414f809f8ad47f9ad48faad49f4ad44
f6ad45f7ad46edad3feead40efad41f1
ad42f3ad43e714ea09eaad3cebad3dec
ad3ee7ad39e8ad3ae9ad3be1ad34e2ad
35e3ad36e4ad37e6ad380df017f60cf6
ad55f7ad56f9ad57faad58f0ad52f3ad
53f4ad54ea0ceaad4eebad4fedad50ef
ad51e1ad4be2ad4ce8ad4d0fee1af40c
f4ad65f5ad66f9ad67faad68eead61ef
ad62f0ad63f3ad64e70ce7ad5de8ad5e
ecad5fedad60e1ad59e3ad5ae4ad5be5
ad5c69c19b6dc0d06d3a6e826fa25f70
a2a07110e4ad320aec14f209f2abdcf3
ad02f4ad03ecad00eea4b6efad01e1ab
fbe5abfce7abfde9abfeebabff0dec17
f30cf3ad0ef4ad0ff7ad10f8ad11ecad
0bf0ad0cf1ad0de70ce7ad07e8ad08e9
ad09ebad0ae1ad04e2ad05e3ad060013
ec20f40ff4ad22f5ad23f8ad24f9ad25
faad26ecad1dedad1eefad1ff0ad20f1
ad21e60fe6ad18e7ad19e8ad1aeaad1b
ebad1ce1ad13e2ad14e3ad15e4ad16e5
ad170aee14f509f5ad2ff8ad30f9ad31
eead2cefad2df3ad2ee1ad27e2ad28e3
ad29e7ad2ae9ad2b699c6aa2616ba28c
6c0fec1af40cf4abf7f5abf8f7abf9f9
abfaecabf3edabf4efabf5f3abf6e80c
e8abefe9abf0eaabf1ebabf2e1abebe3
abece4abede5abee0aed14f209f2abcc
f7abcdf9abceedabc9eeabcaf0abcbe1
abc4e2abc5e3abc6e5abc7e8abc80cee
17f20cf2abd8f3abd9f6abdaf9abdbee
abd5efabd6f0abd7e909e9abd2ebabd3
edabd4e1abcfe5abd0e8abd10ef21af6
0cf6abe7f8abe8f9abe9faabeaf2abe3
f3abe4f4abe5f5abe6ed0cedabdfeeab
e0efabe1f1abe2e1abdce2abddecabde
65c0e465a2af66a2c467a2ce680013ee
20f40ff4abbff7abc0f8abc1f9abc2fa
abc3eeabbaefabbbf0abbcf1abbdf2ab
bee973e938eaabb6ebabb7ecabb8edab
b9022a3c42a2594811616e01e2abb5f4
abb00b4d2d5417542e55385610c4abb3
01c8abafd7abb001cbabb1d3abb24dce
05502a5310d2abae02c6ababc8abacda
abad470e473048cce94910c4aba910c6
aba72aaba4412a4210ceaba610d5aba5
126f70efabb4e2ab9fe4aba0e6aba1e7
aba2e8aba306eb0cebab92eeab93f4ab
94f9ab95e1ab8fe2ab90e7ab9103e1ab
96e4ab97e7ab98edab9903e1ab9ae3ab
9be7ab9cebab9d617062a27863a2b364
09ed0fedab89eeab8aefab8bf2ab8cfa
ab8de5ab84e6ab85e8ab86e9ab87eaab
880016ed2af314f809f8ab63f9ab64fa
ab65f3ab60f6ab61f7ab62f009f0ab5d
f1ab5ef2ab5fedab5aeeab5befab5ce6
14ea09eaab57ebab58ecab59e6ab54e7
ab55e8ab56e1ab4fe2ab50e3ab51e4ab
52e5ab530011ef1df40ff4ab73f5ab74
f6ab75f7ab76f9ab77efab6ff1ab70f2
ab71f3ab72e90fe9ab6aeaab6bebab6c
ecab6deeab6ee2ab66e3ab67e4ab68e7
ab690bec14f009f0ab81f1ab82f2ab83
ecab7eedab7fefab80e709e7ab7be8ab
7ceaab7de3ab78e4ab79e5ab7a001a6f
c1b2776ce10ce1ad8be5adc2f6af90fa
a351775079887a05e709e7afa6ecafa7
eeafa8e1afa4e4afa5e5af1008f30ff3
af95f5af7ff7af96f9af97faaf98e1af
92ebaf93ecadb0f2af940aed14f209f2
afa1f5afa2f9afa3edaf9eeeaf9fefaf
a0e1af99e2af9ae4af9be7af9ce9af9d
73b37334746075a24e7610e1af9106eb
0cebaf64eeaf65efaf66f1af67e2af61
e8af62e9af630def17f30cf3af72f4af
73f5af74f9af75efaf6ff0af70f2af71
e80ce8af6be9af6cebaf6dedaf6ee1af
68e2af69e4af6a0019ee2df417f70cf7
af8cf8af8df9af8efaaf8ff4af89f5af
8af6af8bf109f1af86f2af87f3af88ee
af83efaf84f0af85e717ea0ceaaf7feb
af80ecaf81edaf82e7af7ce8af7de9af
7ee409e4af79e5af7ae6af7be1af76e2
af77e3af786fa24770a285720def17f3
0cf3af5df4af5ef5af5ff9af60efaf5a
f1af5bf2af5ce81ee832e9af58eca7c3
eeaf59012a2e4d126f6ee7af57012aaf
564310ceaf57e3af53e5af54e7af5500
12ee20f40ff4af4df6af4ef7af4ff8af
50f9af51eeaf48efaf49f0af4af2af4b
f3af4ce60fe6af44e8af45e9addeebaf
46ecaf47e1af40e2af41e3af42e5af43
10f0af5268c15d6b9d6b966ca2506da2
576e0eee1af50cf5af3cf6af3df7af3e
f9af3feeaf38efaf39f2af3af4af3be7
0ce7af35e9af36eaad90ebaf37e1af32
e4af33e5af3406ec0ceca543f2af1af3
af1bf8af1ce1af17e7af18ebaf1902e7
af1dedaf1eeeaf1f0011ed1df50ff5af
2df6af2ef7af2ff8af30f9af31edaf29
efaf2af2af2bf3af2ce50fe5af24e6af
25e7af26ebaf27ecaf28e1af20e2af21
e3af22e4af23689669a2666a0feb1aef
0cefaf13f2af14f5af15f7af16ebaf0f
ecaf10edaf11eeaf12e50ce5af0be6af
0ce9af0deaaf0ee1af07e2af08e3af09
e4af0a0cef17f50cf5adeef6adeff7ad
f0f8adf1efadebf2adecf3adedec09ec
ade8edade9eeadeae4ade5e7ade6e9ad
e70016ee2af414f809f8af04f9af05fa
af06f4adf6f5af02f7af03f109f1adff
f2af00f3af01eeadfbefadfdf0adfee7
14ea09eaadfaebadfbecadfce7adf7e8
adf8e9adf9e1adf2e2adf3e3adf4e4ad
f5e6adf664a264a24265a265670011ec
1df30ff3ade0f4ade1f7ade2f8ade3fa
ade4ecaddceeadddefaddef2addfe50f
e5add7e7add8e8add9e9addaebaddbe1
add3e2add4e3add5e4add60aea14f209
f2adbff3adc0f7adc1eaadbceeadbdef
adbee1adb7e4adb8e5adb9e7adbae9ad
bb0fec1af20cf2adcff3add0f6add1fa
add2ecadcbedadcceeadcdf1adcee70c
e7adc7e8adc8e9adc9ebadcae3adc3e4
adc4e5adc5e6adc6613662a2566301e3
adb5f2adb60015ed25f314f709f7ad9f
f8ada0faada1f3ad9cf5ad9df6ad9eed
ad97efad98f0ad99f1ad9af2ad9be714
ea09eaad94ebad95ecad96e7ad91e8ad
92e9ad93e1ad8ce3ad8de4ad8ee5ad8f
e6ad900012ed20f40ff4adb0f5adb1f6
adb2f7adb3f9adb4edadabeeadacefad
adf0adaef1adafe60fe6ada6e7ada7e9
ada8eaada9ecadaae1ada2e2ada3e4ad
a4e5ada52ab40561ce6162002373c2d0
e51ded0feda90aeea923efa93bf2a97e
f3a998e5a74fe7a77ce8a792e9a7ab77
c14b773878a26179a2a77aa2e8e1a5ee
0017ed2af414f809f8ab0cf9ab0dfaab
0ef4ab09f5ab0af7ab0bf109f1ab06f2
ab07f3ab08edab03efab04f0ab05e714
ea09eaab00ebab01ecab02e7a9fde8a9
fee9a9ffe409e4a9fae5a9fbe6a9fce1
a9f7e2a9f8e3a9f90014ed25f214f609
f6ab20f7ab21faab22f2a9c7f3ab1ef5
ab1fedab19eeab1aefab1bf0ab1cf1ab
1de80fe8ab14e9ab15eaab16ebab17ec
ab18e1ab0fe2ab10e3ab11e6ab12e7ab
130013ec20f30ff3ab32f6ab33f7ab34
f8ab35faab36ecab2dedab2eeeab2ff0
ab30f2ab31e60fe6ab28e8ab29e9ab2a
eaab2bebab2ce1ab23e2ab24e3ab25e4
ab26e5ab270017ee2af514f809f8ab4b
f9ab4cfaab4df5ab48f6ab49f7ab4af1
09f1ab45f2ab46f4ab47eeab42efab43
f0ab44e814eb09ebab3fecab40edab41
e8ab3ce9ab3deaab3ee409e4ab39e5ab
3ae6ab3be1ab37e2ab38e3a7cf73a25a
74a2aa75a2ff760016ed2af514f809f8
a9f4f9a9f5faa9f6f5a9f1f6a9f2f7a9
f3f109f1a9eef2a9eff4a9f0eda9ebee
a9ecefa9ede614e909e9a9e8eaa9e9eb
a9eae6a9e5e7a9e6e8a9e7e1a9e0e2a9
e1e3a9e2e4a9e3e5a9e40016ee2af414
f709f7a9adf8a9aef9a9aff4a9aaf5a9
abf6a9acf109f1a9a7f2a9a8f3a9a9ee
a9a4efa9a5f0a9a6e814eb09eba9a1ec
a9a2eda9a3e8a99ee9a99feaa9a0e1a9
99e2a99ae3a99be5a99ce6a99d0017ef
2af514f809f8a9c4f9a9c5faa9c6f5a9
c1f6a9c2f7a9c3f209f2a9bef3a9bff4
a9c0efa9bbf0a9bcf1a9bde714ea09ea
a9b8eda9b9eea9bae7a9b5e8a9b6e9a9
b7e409e4a9b2e5a9b3e6a9b4e1a9b0e2
a751e3a9b10018ee2df417f70cf7a9dc
f8a9ddf9a9defaa9dff4a9d9f5a9daf6
a9dbf109f1a9d6f2a9d7f3a9d8eea9d3
efa9d4f0a9d5e714ea09eaa9d0eba9d1
eda9d2e7a9cde8a9cee9a9cfe409e4a9
cae5a9cbe6a9cce1a9c7e2a9c8e3a9c9
6ac3186ec1a56ea2656fa2b570a2fb71
a44b720018ee2df417f70cf7a994f8a9
95f9a996faa997f4a991f5a992f6a993
f109f1a98ef2a98ff3a990eea98befa9
8cf0a98de814eb09eba988eca989eda9
8ae8a985e9a986eaa987e409e4a982e6
a983e7a984e1a97fe2a980e3a9810016
ee2af514f809f8a938f9a939faa93af5
a935f6a936f7a937f109f1a932f2a933
f3a934eea92fefa930f0a931e614ea09
eaa92ceba92deda92ee6a929e7a92ae9
a92be1a924e2a925e3a926e4a927e5a9
280014ef25f514f809f8a94ef9a94ffa
a950f5a94bf6a94cf7a94defa946f0a9
47f1a948f2a949f4a94aea0feaa941eb
a942eca943eda944eea945e1a93ce2a9
3de5a93ee6a93fe8a9400016ef2af514
f809f8a965f9a966faa967f5a962f6a9
63f7a964f209f2a95ff3a960f4a961ef
a95cf0a95df1a95ee814eb09eba959ec
a95aeda95be8a956e9a957eaa958e1a9
51e3a952e4a953e5a954e7a9550015ef
25f414f709f7a97bf8a97cfaa97df4a9
78f5a979f6a97aefa973f0a974f1a975
f2a976f3a977e714eb09eba970eca971
eda972e7a96de9a96eeaa96fe1a968e2
a969e3a96ae4a96be6a96c6aa25f6ba2
b76ca40f6d0017ed2af314f709f7a920
f8a921faa922f3a91df5a91ef6a91ff0
09f0a91af1a91bf2a91ceda917eea918
efa919e714ea09eaa914eba915eca916
e7a911e8a912e9a913e409e4a90ee5a9
0fe6a910e1a90be2a90ce3a90d0018ee
2df417f70cf7a7d5f8a7d6f9a7d7faa7
d8f4a7d2f5a7d3f6a7d4f109f1a7cff2
a7d0f3a7d1eea7ccefa7cdf0a7cee814
eb09eba7c9eca7caeda7cbe8a7c6e9a7
c7eaa7c8e409e4a7c3e6a7c4e7a7c5e1
a7c0e2a7c1e3a7c20018ee2df417f70c
f7a7eef8a7eff9a7f0faa7f1f4a7ebf5
a7ecf6a7edf109f1a7e8f2a7e9f3a7ea
eea7e5efa7e6f0a7e7e814eb09eba7e2
eca7e3eda7e4e8a7dfe9a7e0eaa7e1e4
09e4a7dce6a7dde7a7dee1a7d9e2a7da
e3a7db0017ee2af414f809f8a907f9a9
08faa909f4a904f6a905f7a906f109f1
a901f2a902f3a903eea7feefa7fff0a9
00e714ea09eaa7fbeba7fceda7fde7a7
f8e8a7f9e9a7fae409e4a7f5e5a7f6e6
a7f7e1a7f2e2a7f3e3a7f465c1a065a2
5866a2a367a2ee68a439690015ef25f5
14f809f8a7bdf9a7befaa7bff5a7baf6
a7bbf7a7bcefa7b6f0a7b7f1a7b8f2a7
aef4a7b9e614ec09eca7b3eda7b4eea7
b5e6a7b1e7a7b2eba727e1a7ace2a7ad
e3a7aee4a7afe5a7b00015ef25f514f8
09f8a763f9a764faa765f5a760f6a761
f7a762efa75bf0a75cf1a75df3a75ef4
a75fe614ea09eaa758eba759eda75ae6
a755e8a756e9a757e1a750e2a751e3a7
52e4a753e5a7540015ee25f414f809f8
a779f9a77afaa77bf4a776f5a777f7a7
78eea771efa772f0a773f1a774f3a775
e614ea09eaa76eeca76feda770e6a76b
e7a76ce8a76de1a766e2a767e3a768e4
a769e5a76a0015f025f514f809f8a78f
f9a790faa791f5a78cf6a78df7a78ef0
a787f1a788f2a789f3a78af4a78be714
ed09eda722eea785efa786e7a782e9a7
83eaa784e1a77de2a77ee3a77fe4a780
e6a7810018ed2df317f60cf6a7a7f7a7
a8f9a7a9faa7aaf3a7a4f4a7a5f5a7a6
f009f0a7a1f1a7a2f2a7a3eda79feea7
a0efa792e714ea09eaa79ceba79deca7
9ee7a799e8a79ae9a79be409e4a796e5
a797e6a798e1a793e2a794e3a79561a2
6562a2b563a40a640019ee2df417f70c
f7a74bf8a74cf9a74dfaa74ef4a748f5
a749f6a74af109f1a745f2a746f3a747
eea742efa743f0a744e717ea0ceaa73e
eba73feca740eda741e7a73be8a73ce9
a73de409e4a738e5a739e6a73ae1a735
e2a736e3a7370014ef2ff514f809f8a7
02f9a703faa704f5a5fff6a700f7a701
efa5f9f032f1a5fcf2a5fdf3a5fe012a
a5fa4b127261e9a5fbe70fe7a5f4e8a5
f5eaa5f6eca5f7eea5f8e1a5efe2a5f0
e3a5f1e5a5f2e6a5f30017ee2af414f7
09f7a71af8a71bf9a71cf4a717f5a718
f6a719f109f1a714f2a715f3a716eea7
11efa712f0a713e714eb09eba70eeca7
0feda710e7a70be9a70ceaa70de409e4
a708e5a709e6a70ae1a705e2a706e3a7
070018ed2df317f60cf6a731f7a732f9
a733faa734f3a72ef4a72ff5a730f009
f0a72bf1a72cf2a72deda728eea729ef
a72ae714ea09eaa725eba726eca727e7
a722e8a723e9a724e409e4a71fe5a720
e6a721e1a71de2a71ee3a5f700184dc2
c654c0fe57375736584e59665a12616e
e2d5e701612c631168efc5ad1172e1d5
e601702c731175f8a3c51165efc94001
652c691169e9b595117ae9b9b5544455
a2ba5601612c691174e8d5e51169e9d5
e4086864683c698c6ea2466fa2487511
74e7d5e3106101e158e9042ad1454332
4b364c3a5410c8d14510cebd2310c8d5
de10c1d5df012aaf904d10d6af900162
2a7210e8d5e010f4012aa93b4210d4a3
511173e1c5f802642e6c327410efd37e
10f2d5e110f3d5e26134658c66926711
6ce7d5dd066d176d326e36763a7910ef
d5db10eccfb910e7d37910f4a9046734
6b386c01e5cffff5b91e10e2d5d910f2
d5da116cf5d111116ee7d5dc126761f2
d3b150c0da50a28052a2bf5307694a69
426f70759679016c2a7210e3abed10ef
d5d801643e6e01e4cd32e8012acd884c
10cbcd8801e4d5d3f4d5d402672e7238
7910efabfd01e4cf06efd5d510e1cf2d
106e01e4d5d6f5d5d761426562676868
01612a7210e4d5d210f7afe0026d2e72
327510f2cbff10f2cde110e2d5d11161
ecc76c116ef7a56905682468306c5672
1174e9d5cf02612e6c326e10f8c95910
e7d5ce01e9c902f0c9031172e4b3fa61
306344651172edd5cd016c2a7510e3ad
5b10eda54f1175eed5cc026a306f3675
116ef2c5c1116ee7d5d01168e7cb8a4d
9a4ea2b34f05722272307344751167f2
c7ee016b2a7910e1c7c210e8c7df0167
2a6d10e1d5cb10e5c7d267306c366e11
61efd5ca1161edd5c91163ebcbf90772
2e725a7460756679116df2032aa9d749
2e4d325410c8d5c310ceb92d10cda9d7
116fefc1d51165e9d5c1116cf4d5c261
4265746c9a6f01642a6e10e7af5710e9
d5c00368326b366e3a7210e3d5bc10ea
d5b910e1d5ba01e4c37be9d5bb026434
6e387201e3d5beefd5bf10e6af2510e4
d5bd1179edc13b036142626265686b11
6fef012aafd64d10ccd5c802672e6e32
7210e2d5c610edd5c410e4d5c51161f4
a54e1177e1d5c747c4ad4ac3844aa801
4ba8214c03614665a6dd69a6df790163
2a6410e9d5b810e9d5b7026ea6ad6fa6
bb7410ee001c4ac15f53a1571757ae3d
58ae41592a5a10d7cdeb02c4d592c5d5
92d4d549534854a24555a2705603c1d5
44c5d546ced545d5a7ab0ece1ad40cd4
d539d5d58fd6d53ad9d5b2ced536cfcf
00d2d537d3d5b1c90cc9cdc5cad534cb
cdaccdd535c3d533c4d591c5cf810ccd
17d20cd2d301d6d35cd7d315dacf88cd
d177ced5b5cfd1cec809c8d5b4cbd17f
ccd53fc4d5b3c6d53dc7d53e04c1d5b6
c7d541d3afdfd9d542dad5434d8f4d48
4ea24f50a2645203c5d532cfc17fd5d5
8fd7cbe10011cf1dd50fd5d520d6d5ae
d8d521d9bf4adad522cfd5acd1d51ed2
d5add4c1f6c60fc6d51dc7bfc7cbd5ab
cca90acdb782c1d5aac3d51bc4d51cc5
cd1c06c90cc9d526ccaf89cfc3aad0d5
afc1d523c3d524c5d5250bcc14d409d4
d530d7c90ad9b320ccc984cdd52dd2d5
2ec7c61ac7d1eac8b136cbd5b04a564b
5a4c06d30cd3d517d4bf00d5d518d6bf
20c2d5a8c9d516cbd5a910cfd5a502c5
d510cdd5a6dad5a743c0c5465e466247
7248a2474907d10cd1d5a3d2d5a4d3b5
70d4b5e0c3d50dc4b573ccd5a1ced5a2
02c9b132cfb14ad2b15309d00fd0d508
d1d509d2d59fd4d50ad7d50bc1d505c6
d506c8a3bcccb981ced50704cbd5a0ce
d50cd2b527d4b538d5b53e435844a250
4506c70cc7d59dd2d59ed3affcd4d590
c1d501c3d502c5afc30fce1ad60cd6d3
fcd7c906d9d59bdaad4aced59acfd3f9
d2d3fad5d3fbc80cc8d3f5c9d3f6ccd3
f7cdd3f8c3d599c4d3f3c6cd5fc7d3f4
04c5adc2cad3fecbad8bcfd3ffdad59c
3765377c38824188420ecc0fd2c64cd2
c9fad4d598d5b782d6d3f1c60cc6d3ea
c7d597c9cbb3cad3ecc1a998c4d596c5
d3e91133b6d5911138b6d5920bd214d7
09d7d3e7d8d3e8daa5e2d2d3e4d3d3e5
d4d3e6cc09cca3d2cdd595cfd3e3c4d3
e0c5d593c6d59431303236341131b9d3
dd1137b2d58f1133b0d59010e1022ac5
b9422a4d10cdcf6910d5cf6910ef012a
bdcf4c10c1bdcf1170e3bd42026d2e6e
327310f5bd7810e2bd6e01e1bbf6e2b3
1e0261307044751172e3b769016d2a76
10e1d58a10efd5891161ee012ab7024a
10d0b702066e256e346f3a7254741168
e9d58e1164e1b9be1172e5012ab9d74b
01d0d512d2b9d71161e9a5fb61306850
691174f3d58d026c2e6e327710e9d58c
10e9afc910e1d58b02612e6d326f10ea
cd3110f2c94b10f2012ab99c4b10c8b9
9c473448a26a49127461ecb10b056f45
6f4a726475026a2e6b327210f5c7f710
f2b36c10e8d578016e2a7410e8b34701
e7d576edaffe0161506510eb032aafca
432e47325410d2a78f10d9d3fd10d2af
ca10eed577613065366c1161e7ad6a11
72e1d575116ff2012ab1c94710c5b1c9
056c4d6c306d3675116ee7d5881175f7
b3f7106e01e7b50ff008471d47364c3a
4d3e53425410c8d58710c6d58410c1d5
8510cdd58210d2d5862ac34e41344238
4601d2d583d8d58310d5d58110d5d582
613265a247691172e1d580016e2a7410
f2a54d05ef2defd57bf35ef4042aabb0
4332483c4d405410d7abb001c1d57cce
d57d10cbaba810cfabaa012aaba44310
ceaba4e2abb5e7d579e9d57a1162f203
2ab3d1493453385501c1b735d3d57f10
ccb3d110c5d57e43c13b437444a2f445
0267446c4a741168e9012aa3e84501d2
d504d4a3e81179f0afb901622a7910ed
d57410e1d5730461a29468a2a36fa2b2
70a2b4791172ec0f4b48541d5432553c
58465910d5cd1b01cad12ed2d56b01c1
d3bbdad56c10cbd56d4b324d3c525253
10cbd56a01c7bbc4dad51403c4d567c5
d568cbbf39ceaf5602cfd569d3cd1bd5
cbd2431943324736493e4a10cfd56610
d3cd1b01c551d2d56410d2d5652acbd2
383a41404202c1d563c7a77cd9d3f211
39b0cd1b02c6d560ccd561dad562026b
2e6e327210e9d55d10edab8110f3b59c
02612e65327210f3d55e10edabd410f2
abbe1170f4ad20016d2a7210f4afb010
eed55f03653469866f8c751170ecd572
1176e106491749324d364e3a5010cba9
c210ceb3dd10d5d56f10d0c3ed2ab3dd
422a4610cab3e110d4d56e1161ebd570
1167f2d5712aa25b41a8aa42056f1f6f
3e72447501672a6810e4d55c10e9d55b
1170efabb4106101e8c97be9d55a6130
655c68116bf3d559036c326d36733a74
10ebd55710e9d55510f5a70210f3d556
016e2a7210e6d55810e7012aa9234210
c4a92300204ac1ba52c0cf5638563c57
58586259665a01d2d3f3d7cdeb04c1d5
44c4d545c5d546ced545d5a7ab01c6d5
47d3cdd610cbd54803c4d3dfc5d3dfd4
d549d5cd1b5246536c54a25a5503c1d3
bbc7d541d9d542dad54305d309d3cd1b
d5cbd2d7cbe1c5d532c8cdebcfc17f0f
ce1ad40cd4d539d5cbd2d6d53ad9d53b
ced536cfcf00d2d537d3d538c90cc9cd
c5cad534cbcdaccdd535c1d527c3d533
c4d3dec5cf810ecd1ad20cd2d301d6d3
5cd7abb0dacf88cdd177ced540cfd1ce
d0d53fc80cc8d145cad12ecbd17fccd5
3fc4d53cc6d53dc7d53e4e5b4e344fa8
0c50665110c1d53108c90fc9d526ccaf
89cfc3aad0c3edd4d527c1d523c3d524
c5d525c8a7ab0dcd17d40cd4d530d7c9
0ad9b320dad529cdd52dd2d52ed3d52f
c70cc7d1eac8b136cbd52cccc984c1d5
29c5d52ac6d52b4aa2484ba24c4ca264
4d0012ce20d50fd5d520d6af90d8d521
d9bf4adad522ceaf56cfabaad1d51ed2
d51fd4c1f6c60fc6d51dc7bfc7cbbf39
cca90acda9d7c1d51ac3d51bc4d51cc5
cd1c01cfd50fd0b70207d00cd0d512d2
b9d7d7d513dad514c5d510c7bbc4c8b9
9ccdd51108d30fd3d517d4bf00d5d518
d6bf20d9d519c1bdcfc2d515c9d516cb
cd8842c11f466b4662477848a24f4907
d10cd1d50ed2b119d3b570d4b5e0c3d5
0dc4b573ccb3d1ceb3dd03c9b132cfb1
4ad2b153d8b1530ace14d209d2afcad4
d50ad7d50bced507d0d508d1d509c1d5
05c5b1c9c6d506c8a3bcccb98105d409
d4b538d5b53ed6d3eacbaba8ced50cd2
b527426443a25a44a2924507c80cc8d5
03d2d504d3affcd4a3e8c1d501c3d502
c5afc3c7a54b0010cc1dd20fd2c9fad4
a351d5a9d7d6d3f1d9d3f2ccd3edced3
eecfd3efd1d3f0c70cc7a77cc8d3ebc9
cbb3cad3ecc1a998c4a923c5d3e9c6d3
ea0010ce1dd50fd5d3fbd6d3fcd7c906
d9d3fddaad4aceaba4cfd3f9d2d3fad3
cd1bc80cc8d3f5c9d3f6ccd3f7cdd3f8
c3bf4bc4d3f3c6cd5fc7d3f406cb0ccb
ad8bcfd3ffd9d3ecdad500c4adc2c5ad
c2cad3fe354b3586378c3892410ccf17
d40cd4d3e6d7d3e7d8d3e8daa5e2cfd3
e3d2d3e4d3d3e5cc09cca3d2cda557ce
c906c4d3e0c5d3e1c6d3e21133b2c906
1133b6d3de01382a3910b0cd1b10b6d3
df2aafdf31303236341131b9d3dd1137
b2cbd202302e33323810b0adc210b0ad
4a10b0a3e8046438673e6844724a7611
73f4a35a116cedb12e1168e2d54a116f
eda39901613e6d01e9a54cee012aa557
4110cda55710e200134c665135513c53
40545655725901c5d3dfd4cf8910c1d5
3103c1d527c4d3ded3d538d9d53b04c4
d53cc8bfaecad553ced540d2d55410cb
d54e4c3c4d464e624f665001cbd52cd3
d52f01c2d515d9d51904c1d51acdd54d
ceb967d2d51fd5d55110c7d55210cdd5
28452f4542474c49504a664b02c8abcf
cdd511d7d51301c7a54bc8d50310c2d5
4e03c4d54fced550d1d50ed2b11910cf
d50f2aa54b4132424243524410dad500
02c5d3e1c6d3e2dad54b02c8d3ebced5
4cd5d54d01c3bf4bced3ae002574c1f5
e534f223f2a54bf3a564f6a5a7f9a5ce
fa012a2e41127261e2a5e4022aa5e249
a2b55210d5a5e5e5a35ae6a369eba3bc
eda3e8eea3ff78a67832795e7aa260e1
25e25106eb0ceba5caeca5cbeda5ccf8
a5cde2a5c7e5a5c8e7a5c90013ee20f3
0ff3a5ddf4a5def5a5dff8a5e0faa5e1
eea5d9efa5daf0a5dbf1a5dcf2a5cee7
0fe7a5d4e8a5d5e9a5d6eba5d7eca5d8
e1a5cfe2a5d0e3a5d1e4a5d2e5a5d308
ed0feda5e9eea5eaefa5ebf4a5ecfaa5
ede2a5e6e4a5e7e7a5e8ea012a2e4112
7261e2a5e4032aa5e2312e49345310d5
a5e51137b2a5e501d1a5e3d2a5e474a2
4875a29d76a2e3770012ee20f50ff5a5
c2f6a5c3f7a5c4f8a5c5f9a5c6eea5bd
efa5bef2a5bff3a5c0f4a5c1e70fe7a5
b8e8a5b9e9a5baeba5bbeda5bce1a5b4
e2a5b5e3a5b6e5a5b70017ef2af514f8
09f8a58ff9a590faa591f5a58cf6a58d
f7a58ef209f2a589f3a58af4a58befa5
86f0a587f1a588e914ec09eca583eda5
84eea585e9a580eaa581eba582e409e4
a57de5a57ee7a57fe1a57ae2a57be3a5
7c0014ed25f214f709f7a5a4f9a5a5fa
a5a6f2a5a1f4a5a2f5a5a3eda59ceea5
9defa59ef0a59ff1a5a0e80fe8a597e9
a598eaa599eba59aeca59be1a592e3a5
93e4a594e5a595e7a5960bee14f409f4
a5b1f5a5b2f6a5b3eea5aeefa5aff3a5
b0eb09eba5abeca5aceda5ade2a5a8e4
a5a9e9a5aa6ac2ed6fc1726fa25370a2
8e71a2e372a2fe730014ec25f414f809
f8a577f9a578faa579f4a574f5a575f6
a576eca56feea570efa571f2a572f3a5
73e70fe7a56ae8a56be9a56ceaa56deb
a56ee1a565e2a566e3a567e4a568e5a5
690011eb1df20ff2a527f3a528f4a529
f8a52afaa52beba523eca524eda525ee
a526e50fe5a51ee6a51fe7a520e9a521
eaa522e1a51ae2a51be3a51ce4a51d00
17ee2af514f809f8a53ff9a540faa541
f5a53cf6a53df7a53ef209f2a539f3a5
3af4a53beea536efa537f0a538e814eb
09eba533eca534eda535e8a530e9a531
eaa532e509e5a52ee6a385e7a52fe2a5
2ce3a3b8e4a52d08ed0feda546eea547
f2a548f4a549faa54ae3a542e4a543e7
a544eba5450015ef25f514f809f8a561
f9a562faa563f5a55ef6a55ff7a560ef
a559f0a55af1a55bf2a55cf3a55de914
ec09eca556eda557eea558e9a553eaa5
54eba555e2a54be332e4a550e5a551e8
a552032aa54c48324e3a5012616ceda5
4f126174f2a54d126261f4a54e6aa268
6ba2836ca2c46da4196e0019ee2df417
f70cf7a516f8a517f9a518faa519f4a5
13f5a514f6a515f109f1a510f2a511f3
a512eea50defa50ef0a50fe717ea0cea
a509eba50aeca50beda50ce7a506e8a5
07e9a508e409e4a503e5a504e6a505e1
a500e2a501e3a50208f00ff0a3b8f4a3
5cf5a3b9f7a3bafaa3bbe1a3b4e7a3b5
e9a3b6eea3b70013ef20f40ff4a3ccf5
a3cdf6a3cef7a3cffaa3d0efa3c7f0a3
c8f1a3c9f2a3caf3a3cbe70fe7a3c2e8
a3c3e9a3c4eba3c5eca3c6e2a3bde3a3
bee4a3bfe5a3c0e6a3c10017ee2af414
f809f8a3e5f9a3e6faa3e7f4a3e2f5a3
e3f7a3e4f109f1a3e0f2a3e1f3a3d2ee
a3ddefa3def0a3dfe814eb09eba3daec
a3dbeda3dce8a3d7e9a3d8eaa3d9e409
e4a3d4e5a3d5e6a3d6e1a3d1e2a3d2e3
a3d30016ef2af514f809f8a3fcf9a3fd
faa3fef5a3f9f6a3faf7a3fbf209f2a3
f6f3a3f7f4a3f8efa3f3f0a3f4f1a3f5
e714eb09eba3f0eda3f1eea3f2e7a3ee
e9a3afeaa3efe1a3e9e2a3eae3a3ebe5
a3ece6a3ed65c14665a25866a28667a2
ae68a409690015ed25f214f709f7a3b1
f8a3b2f9a3b3f2a3aef3a3aff4a3b0ed
a3a9eea3aaefa3abf0a3acf1a3ade614
ea09eaa3a6eba3a7eca3a8e6a3a3e7a3
a4e9a3a5e1a39ee2a39fe3a3a0e4a3a1
e5a3a20df117f50cf5a365f7a366f9a3
67faa368f1a362f2a363f3a364e50ce5
a35eeba35feca360eda361e1a35be2a3
5ce3a35d0bee14f309f3a373f5a374fa
a375eea370efa371f0a372e809e8a36d
e9a36eeba36fe2a36ae4a36be5a36c00
19ee2df417f70cf7a38cf8a38df9a38e
faa38ff4a389f5a38af6a38bf109f1a3
86f2a387f3a388eea383efa384f0a385
e717ea0ceaa37feba380eca381eda382
e7a37ce8a37de9a37ee409e4a379e5a3
7ae6a37be1a376e2a377e3a3780ded17
f00cf0a39af2a39bf3a39cf4a39deda3
97eea398efa399e80ce8a393e9a394eb
a395eca396e1a390e2a391e7a39261a2
5062a28563a2d1640014ee25f414f809
f8a357f9a358faa359f4a354f5a355f7
a356eea34fefa350f0a351f1a352f2a3
53e70fe7a34ae8a34be9a34ceaa34dec
a34ee1a345e2a346e4a347e5a348e6a3
490015ed1af30ef706f74bf84dfa4ff3
3df447f549ed3dee3fef41f043f145e6
0ee906e937eb39ec3be631e733e835e1
27e229e32be42de52f0017ef2df50ef8
06f87ff981fa83f579f67bf77df206f2
73f375f477ef6bf06df1012a2c4c1261
74ee71012a6f5410d271e70eec06ec65
ed67ee69e75fe861e963e406e459e55b
e65de153e255e3570012f11af60ef6a1
f7a341f8a342f9a343faa344f197f299
f39bf49df59fe60ae68de88fed91ee93
f095e185e287e489e58b
        }
    }
    match{
        distances:intvector{
            80,
            50,
            4,
            3,
        }
        paradigmnum:intvector{
            429941505,
            420631446,
            429626712,
            419470284,
            429036260,
            430374704,
        }
        partitions{
            ".",
            "0",
            "1",
            "2",
            "3",
            "4",
            "5",
            "6",
            "0123456",
            "04",
            "13",
            "02",
            "06",
            "026",
            "05",
            "012345",
        }
        regionToPartitions:bin{
000008090a00020000000b0009000201
090001010a000a000000000000000a0c
000000010b0000000100000000000000
000000000000010100000b0000000b00
00000000000000000000000000000000
00000000000000000000000000000000
00000000000000000000000000000000
00000000000000000000000000000000
0000000000000000000000000000000d
010001000000000e0100000e01000000
00000000000000000000000000000000
00000000000000000000000000000000
00000000000000000000000900000000
00000000000000000000000000000000
00000000000000000000000000000000
00000000000000000000000000000000
00000000000000000000000000000000
00000000000000000000000000000000
00000000000000000000000000000000
00000000000000000000000000000000
00000000000000000000000000000000
00000000000000000000000000000000
00000000000000000000000000000000
00000000000000000000000000000000
00000000000000000000000000000000
00000000000000000000000000000000
000000000a0000000000000000000000
00000000000000000000000000000000
00000000000000000000000000000000
00000000000000000000000000000000
00000000000000000000000000000000
00000000000000000000000000000000
00000000000000000000000000000000
00000000000000000000000000000000
00000000000000000000000000000000
00000000000000000000000000000000
00000000000000000000000000000000
00000000000000000000000000000000
00000000000000000000000000000000
00000000000000000000000000000000
00000000000000000000000000000000
00000000000000000000000000000000
00000000000000000000000000000000
00000000000000000000000000000000
00000000000000000000000000000000
00000000000000000000000000000000
00000000000000000000000000000000
00000000000000000000000000000000
00000000000000000000000000000000
00000000000000000000000000000000
00000000000000000000000000000000
00000000000000000000000000000000
00000000000000000000000000000000
00000000000000000000000000000000
00000000000000000000000000000000
00000000000000000000000000000000
00000000000000000000000000000000
00000000000000000000000000000000
00000000000000000000000000000000
00000000000000000000000000000000
00000000000000000000000000000000
00000000000000000000000000000000
00000000000000000000000101010102
00020000010102010001020301010002
01000101020001010101010101000202
01020002020201010201000102040001
01000101010100010201010201010201
00020102010101000000010100010000
01010002000200000000000000000000
05010002000100010500000000000000
00000101010100000000010000000000
00000001010200010001000001000000
00000100000106000201020101010000
02010100020101020203000100020000
00000000000000000007000102000000
01000201000000000000000101010000
00000000010101010001010101000000
00000000000000010000000000000002
00010100000000000000000000000000
00010001010100000001020001000100
00000001000201010102000000000001
00010000000000000101010101000005
00050001010102010300000101010107
03020502010101010201010100010001
01010002000001000001010001000101
00000000010000000000000000000000
00010000000000000000000000000002
00000002010103000001010201000000
04010100000100020001000000000000
00000000000000010000000000010000
00000000000000010000000000000000
00010000000100010001000000010101
01010001010101010101010100000201
01010200020101010002010001010100
01010101050101000100020001010000
01010000000000010000000000030f00
00000004000000000002010100020002
00020004000000000100000000000001
00000000000000000000010000000000
00000000000000010000000000000000
00000000000000000001000000000000
00000000000000000000000001010000
00000000000000000000000001010000
00000001000000000000000000000001
00000000010000000001000000
        }
        trie:bin{
00196ec44274c1ad77c0c777a27d78a2
8779a2977a046c386daab3e138e856f5
1165ee5d12ed6df335117ae848012a85
4c166174ee48616ef335117ae820022a
8548344c166174ee48616ef34911616e
01e97ef41348616ef42007b30ab33eb4
3ab536b610b6292a2bb026b122b205b3
c8d8b329b429b52905b3c8ceb329b429
b5291248616e01f349f44901752aef11
66f25d12f57ae835016d2ae81165ee5d
02eda241f622f7116de7350369327538
e93eef1165ee5d12e879e93512e57ae8
351165ee5c012a8548166562f24c6174
ee35744a75a2b476016b2c7212ef65f4
3501eb22f4116df3350ee171eb0eeba2
a5eea2d9efa2d6f41172f55de14ee592
e7aa6ae91165ee5c012a8545167468e9
4c6174ee350165427410e120012a854c
166174ee54616dec4910ee5c012a8554
16616dec4c6174ee350165427410e520
012a854c166174ee54656cf54910ee5c
012a855416656cf54c6174ee356c1c6c
366dac3b75367812f96de73512e865ee
5d01eda258f9126b6cee35643265a2e4
6b12e76de73512f86de7350472527a58
e75ef2a4effa1172f55c012a854c1661
74ee437972ec3512eb6df33512f375fa
35117ae84971c18271a2b472a4517300
14e45fef30f40af428f5a842f71165ee
5def78f174f2107301e829f220022a85
43344c166174ee437972ec2b167972ec
4c6174ee2be4a48ce832e942eb60ee11
65ee5d0262ac4f68227310f2291165ee
5c012a855316696ee84c6174ee351163
f3496b256b36703c72427348e11168e9
5d12e76de73512f66ff23512ef73e335
01e8b045f91161e1296338643e674a68
526a12e37ae83512ee69f44901e322ee
1173e33513e36b6cee3512f561f23504
753a769077a26478a26df51165f35d0c
ec16f30bf32af726f822f91171f535ec
26f022f21171f535e709e726e822eb11
71f535e226e422e61171f5350ded16f0
0bf02af326f722fa1171f535ed26ee22
ef1171f535e80be82ae926ea22ec1171
f535e126e322e51171f53503e12ae326
e822f31171f5350aef14f409f426f522
f71171f535ef26f022f21171f535e12e
e32ae826ec22ee1171f5351171f53503
61a838ed44ee48f702652c662e7210ee
3510ee5d10f2671164e54902652c662e
7210f73510ee6710f25d6ea2736fa2d9
70086b516bac1e7362e170f38ef41170
f4a28007b3c4ddb3aaf7b426b522b604
b029b229b429b529b62901e5a2d5f411
70f3351165ee5c012a8547167572f54c
6174ee351165ee5c012a8541167261e2
4c6174ee356234633a65406712e161f2
3512f470f33512ed65ee4912ec6df335
0a7946ee19ee2eef38f91165ee5d106e
01e249ef4901647c6e01e223ee497948
e256e51165ee5c012a8544166576e14c
6174ee3501e4a67dee1165ee5d01642c
6e01ee49ef2310e13161a8646834693a
6c427312ef65ee5d12e467ee3513f16b
6cee3513e56c75f935046b54725ce3ae
3deda2e0f21165ee5c012a854f167279
e14c6174ee3513e96b6cee3502e3a6cb
ee22f3116df33567c3346ac2576aa2b8
6ba4106ca4bc6d00107669ee35eea40d
f24ef374f4a29df91165ee5c012a854d
16796df24c6174ee350168a6626d10f2
20012a854c166174ee446576e1491169
e45d7676e7a449e9a619ec0165426d10
ec20012a854c166174ee4d6c79ed4910
ee5c012a854d166c79ed4c6174ee3512
e66dee356e1b6ea8f4713073367512e9
6df33512e76df33501e8acb9e9116df3
3561346548664e6912ee6df33501e92a
f8116df3351168e94912ef6df33502e1
4ae246e51165ee5d02612ee13af61169
e44901eb22f8116df335116ae120032a
8548384b784c166174ee4a7061ee2b02
6136694272156bf44a7061ee2b156ee9
4a7061ee2b1172e10148464a127061ee
2b12616ee101482c4a127061ee2b1272
6bf42b0beb73ef36ef2ef57cf91172f5
5d116bef20022a8548464a12616def01
482c4b126f72e52b12616ee72b11616e
01e722e9134b6f72e52b1174f25deba8
d7ed6aee0165426b10ee20012a854c16
6174ee4b6e64e14910ee5c012a854b16
6e64e14c6174ee351165ee5c012a854b
16686df24c6174ee35781f782ee134e7
1166f25d12e46df3351165ee5c012a85
4716656ff24c6174ee356e36723e7601
e222f2116df33513ee6b6feb3512e965
ee5d0e7541e21de24ee7a2a0ee72ef11
65ee5c012a854c16616fef4c6174ee35
1164e529753277467a4ee11169f44901
e12ae8117ae8351166f25d13e76c75f9
3512e87ae8356f2a6f48724e735c7402
e730ef22f3126c75f935116cf63512fa
65ee5d01e922ed126c75f93513ed6c75
f935634669526b02e226ef22f3126c75
f935126c75f93501e522e6116df33512
f76df335676a68a2766905e40ae4a8c1
e734f31165ee49642e6b36e11165ee5d
13e16c75f93512f469f53509e124e1a2
9be4a298eca403eea400f50167286810
e95d10f520012a854c166174ee47756a
f249613e6b526e5a73607501e922ee11
67ee3502e1a454eea489f8116fed3513
f06b70e53512f767ee3512f764e52908
e137e1a436e94ef26cf4a832f91172f5
5c012a854116726dee437972ec351168
e920012a854c166174ee446576e14901
62287310e82910f32961346a4e6e5473
12ee7ae83502e530eba428f71165ee49
116fed3512e96df33512ed7ae83564c0
ea648865a248660366327538ef6af911
6eec4912ed66e63506e80be82ae926f1
22f61166e635e226e522e61166e63511
66e6351164e149027434753ae1106e01
e231ef3112f96ee53512f06df33506ee
85ee36efa285f3a241f51165f3491165
eea28007b31db364b426b538b604b029
b129b429b527b62904b027b127b427b5
27b6272a2bb030b12cb201b229b32904
b029b129b429b527b6291165f3a28007
b312b37ab426b522b604b029b229b429
b529b6292a2bb026b14eb204b029b229
b429b529b62904b029b229b429b529b6
2901b129b3296e2e7936e51165ee5d13
e26b6cee3513ef6b6cee3561a26962a4
a2630e7030e111e1a2d6efa4e1f32af9
1165ee491173eb4970427248737e7a01
e822ef117ae835117ae83512f87ae835
12f366f2496a1b6a346b3a6e406f12e1
6df33512f97ae83512e261f25d12f07a
e835643065366812f265ee4912ef7ae8
3513e26669ec5d001576bce692f275f2
4af9a26cfa1172f55c012a854c166174
ee437972ec351161f220012a5a4c1661
74ee417261e24807b327b32ab460b522
b605b336b329b529b6298407b313b32a
b438b522b605b322b329b529b62910b4
292a2bb026b122b205b30fb329b529b6
2905b306b329b529b629b029b129b229
1165f349e64aeba2aded1165ee5c012a
8545167468e94c6174ee351165ee4976
36793c7a50e156e21172f55d12ec61f2
3503e82aec26ee22f01161f23512e261
fa35127373f9296635701e7030723c75
12fa61f23501e322e41161f23503f12a
f326f922fa1161f235663069366c12ee
73f13512e261f23513e97379f235613e
624e635a64906501e222e31161f23502
e526ef32f41173f13501e822f61161f2
3505f709f726f822f91161f235e82eed
22f11161f2351165ee5d1161f23512e6
61f2350e7668ee4aee3eef82f2a0f301
68287310e82910f2290162426510ee5c
012a854216656ee74c6174ee3510ee20
012a854c166174ee42656ee749117ae8
48012a8554166962f448616ef3351166
f24976327a3ee544e81168e95d01e522
f5116df33512e36de7351172f5496822
68346a3a6d4e7412ea6df33512f26de7
3501ee2af1116de735116df33512ed6d
e735613062366512ed65ee5d12ec75f2
4912fa61f235
        }
    }
}
